diamond_tag,primal_a,primal_b,center_x,center_y,center_z,grad_x,grad_y,grad_z,error_to_exact_surface_gradient
1,1,12,0.13769275907035866,-0.002667227618340949,0.9832499173736722,2.74198831453492,-0.005966667878224525,-0.39426088188676306,0.08096894089921787
2,1,122,-0.04442870655969236,-0.1312438586634448,0.9811182396485356,2.696447425946704,-0.27122831967698025,0.1609269212968581,0.15153947255943528
3,1,123,0.028764801537041113,0.11917112120226506,0.9861812363997546,2.8920159830161913,0.05445169056479804,-0.09744127553597134,0.03711192930844358
4,1,140,0.08843985529858346,-0.14106401523722328,0.9773912866542542,2.7904081109633654,0.06416747487496077,-0.23871464379755888,0.05692664700497131
5,1,153,-0.10052021400293382,0.07645576668471697,0.9834384337127979,2.461418244312324,0.204794584902795,0.3308313436689195,0.25338440961868397
6,2,3,0.16423023619999116,-0.0001867032248029435,-0.9786683867565031,2.4616509813075425,0.1262992650361776,0.3505479657973967,0.14711125726484003
7,2,18,0.20215952744435972,-0.13358315330268108,-0.9534941035262808,1.9694777455318706,0.5688559819543961,0.31897427968740505,0.1195512397290129
8,2,119,0.06387180291807444,-0.18714661817414624,-0.9687925173484824,2.55736341104888,0.3256150939579613,0.15175697850506184,0.11832431125085834
9,2,141,0.06949796146772004,0.12359695079180717,-0.9830168765033926,2.715215769514683,-0.271710024782544,0.15745271347352782,0.05699933372355769
10,2,166,-0.0685363962121318,-0.09781497552633332,-0.9853138772519213,2.8308299838024316,-0.017955254615252603,-0.24358887743364765,0.10826305594048787
11,2,186,-0.06159231140440654,0.10547317116501484,-0.984971825219412,2.8401097497625045,0.03520994121396637,-0.2544403358671943,0.12054599503119515
12,3,4,0.4125839845672704,-2.204899457458609e-12,-0.9034329077755967,0.3311986001087164,2.4247327029251215e-11,0.15125333263672938,0.005139228459608864
13,3,15,0.3440563324610569,0.12365769524655687,-0.9234827339422704,0.9242662341766444,-0.6063925355452877,0.2636952435833482,0.017580478902662566
14,3,18,0.3329412793784035,-0.10310336951134876,-0.9291303548243199,1.1521144134982277,0.7273918668502535,0.29153212884862817,0.24292266742714597
15,3,141,0.20983385500733093,0.12365769524765857,-0.9628940092701136,1.9954086820190435,-0.43404495897701767,0.379485655628347,0.05536978953827794
16,4,5,0.6513115674930737,0.0021013850867196704,-0.750132735647105,-1.284214594920459,-0.01898622671644805,-1.1128858446361884,0.08635622928317815
17,4,15,0.47361658187196626,0.12315699032599965,-0.8642242682250788,-0.20014907392112158,-0.6352046918471355,-0.200542195934729,0.011826424847408448
18,4,18,0.47280218823135656,-0.1210276839025499,-0.8651602921318433,-0.18259240462349183,0.6230667238079401,-0.18672673137104512,0.02218789913684759
19,4,127,0.5949586956420052,0.12108745601824367,-0.7859565014401244,-1.0199037384177412,-0.5233935516699533,-0.8509984405075313,0.04786394375681749
20,4,142,0.5913946696617517,-0.11070689753191845,-0.7914210949516931,-1.0079961266746555,0.4799471877461639,-0.8154512328211587,0.049298098899648785
21,5,6,0.8344593563395684,-0.0005123312244311555,-0.5388070024370823,-1.0257742215922139,0.0018812447074164006,-1.596139169591058,0.08908153502541379
22,5,127,0.7007876913234561,0.1200596813818045,-0.6943122237551616,-1.3452505427371715,-0.3978572309881294,-1.420285496195802,0.04366545322550629
23,5,131,0.7872149755161605,-0.1188795629952425,-0.594499459701015,-1.2155568114107254,0.17953424672653506,-1.6527610846762923,0.039101459211391625
24,5,142,0.6977814729774828,-0.11026295868830632,-0.6995090632028604,-1.354819397220968,0.3694405204975575,-1.413042868732502,0.036288094993840135
25,5,144,0.7863337612249217,0.11841421167167096,-0.5963021227920627,-1.2197566539381253,-0.18784143610134463,-1.6481039382683,0.040659365056051285
26,6,7,0.9527228639790318,0.00015464640235055352,-0.2805498906474228,-0.0691868419657669,0.000322032379193322,-0.2356283571425952,0.0005816037730741813
27,6,13,0.9214328744636138,0.12348581624241492,-0.3496724529423587,-0.28002407198321316,0.1542880257386181,-0.6845155607073976,0.014831509619171469
28,6,17,0.9229887720465624,-0.12324027342234682,-0.3454274523778432,-0.2665563725179445,-0.15859989280179732,-0.6556590775829719,0.014524756299877801
29,6,131,0.8636129065987159,-0.12153609136590368,-0.47527683663419484,-0.7549961967730388,0.04017895601206811,-1.38453281488857,0.05794745964928434
30,6,144,0.8619148243490304,0.11916555109732879,-0.47909735030223743,-0.770863910248468,-0.04477067277263047,-1.4020251775267436,0.058287934195551026
31,7,8,0.9931788544144843,4.317184273498059e-05,0.0006644642314784133,4.665772251554403e-08,-0.0006461875721301806,1.325602618734565,0.07638818648605387
32,7,13,0.9619192166051835,0.12449319396269899,-0.21266684155663618,0.036334906196828776,0.22280520620767447,0.2952012192489447,0.033149705925616564
33,7,17,0.9631209959059663,-0.12368251624567633,-0.20858300979049754,0.04106808707019917,-0.2222152533371295,0.32144260611738323,0.03346306057044257
34,7,22,0.9827776349637731,0.12410308348288655,-0.07088203202970796,0.04719938821952026,0.2647518870524222,1.1089495455028437,0.030212151834640582
35,7,138,0.9830134481694041,-0.12372822565586666,-0.06791148427515514,0.045002950458463406,-0.2621006211455003,1.1231952042415245,0.030829657987601507
36,8,9,0.9530241904035537,-4.2275233394444e-05,0.27995702144660395,-0.3857380397288542,-5.056302544713277e-05,1.3137031044516303,0.023534309819210935
37,8,22,0.982971574245076,0.12324945231259024,0.07139127784719304,-0.13986957737506175,0.23873517978479597,1.5280789703664388,0.022101784552852482
38,8,126,0.9634565397086847,0.12036832987054709,0.21019919081368382,-0.3368720449520465,0.17837808585259263,1.4477247660597876,0.03312197461353134
39,8,137,0.9636194670221623,-0.12051838208222655,0.20965607744438525,-0.33686767276979235,-0.17975330708683435,1.4485146941127949,0.03247545225647422
40,8,138,0.9829690931102246,-0.12306423567446564,0.07341242352795577,-0.14235288567035886,-0.2369571430762053,1.5304773798556042,0.02277265320010361
41,9,10,0.835489259078829,0.002075106281473147,0.5373081710271166,-0.36478517099462626,0.0006783390238776924,0.5676115883612681,0.010375071504073184
42,9,16,0.8660796308800699,-0.11281161189634564,0.4743677348931087,-0.3833343031118406,-0.029140174492460813,0.6953249771501955,0.025445243104442915
43,9,19,0.86516599676482,0.12297451259841996,0.4721504088964845,-0.3820043736367339,0.02751685829218914,0.6917235276780983,0.030338428174404502
44,9,126,0.9236257404866767,0.12030854080266014,0.34567004377634236,-0.43245497747133305,0.12601534192019342,1.1102981967411736,0.007989219996388916
45,9,137,0.9240422037764657,-0.11845456040508295,0.34518678599396174,-0.43021286224865546,-0.12554400594275,1.1118338241618189,0.007763831698899951
46,10,11,0.6477235901429867,0.0027049437670736316,0.7531588023592187,0.05456265203707557,-0.009202512437205148,-0.04722133551694525,0.020007201383413845
47,10,16,0.7873330068450346,-0.11081155344355445,0.5962694132127349,-0.2612636811227633,0.046974133033438364,0.35288385480098783,0.012365021891999664
48,10,19,0.7887110653609812,0.12365769524794383,0.5908722156037869,-0.26281088067955294,-0.0461067211433884,0.36038684758023326,0.008964749598555567
49,10,21,0.697103276127526,0.123657695247942,0.6965932401392172,-0.04685550231855885,-0.19185889350577734,0.08071806495182146,0.029580896995412973
50,10,139,0.6851424500371686,-0.10832364693066956,0.7110356900350282,-0.02347146933472967,0.19672533818335636,0.05351772359255002,0.03764853080950259
51,11,12,0.4119740383851341,0.00019680172356877426,0.9036923842773105,1.2705012922213512,-0.0011128871196691913,-0.5802179897340478,0.011410760656174253
52,11,14,0.4695900132933096,0.12464052717619896,0.8660265373336777,0.9204621023668748,-0.354427951100718,-0.4483484522371338,0.013784520840660449
53,11,20,0.46983410422684574,-0.12087893846766393,0.8670647566884251,0.932834415241406,0.33079636364531917,-0.4552111372330915,0.03287900254717632
54,11,21,0.5897294213575532,0.1238699831688928,0.7894630636081666,0.3209295979345082,-0.2699100108178912,-0.19727770294042704,0.033023712362149855
55,11,139,0.5776256501271044,-0.11024793926428676,0.8023987860132819,0.3593732637743296,0.2454735039057014,-0.22626812602438887,0.02920225851193091
56,12,14,0.33453129642231705,0.12478265869073023,0.9263161411036454,1.7634332896033469,-0.3522830902710901,-0.58104394874309,0.01557357258919164
57,12,20,0.3469619263525238,-0.12625192144439282,0.9221386200105239,1.671453295166428,0.319124446813985,-0.5838501431564956,0.035233862981384645
58,12,123,0.17624769168287738,0.12397860826394536,0.967694625276877,2.5372574572233453,-0.1331188270312118,-0.44946268687830465,0.08238752956636787
59,12,140,0.22450112713077963,-0.13668095344959647,0.9573029530594289,2.363422585998987,0.2196279198058988,-0.5114634344700044,0.046657124561944686
60,13,22,0.9515391804573199,0.2473804138571127,-0.14012085239755812,0.007897783340899772,0.3961216507147677,0.7487251389017344,0.06027778796306095
61,13,24,0.9010095462221062,0.36492539253909473,-0.203513107599502,0.00968359747338167,0.2434352867133071,0.478875968427516,0.03852159712598264
62,13,25,0.8616128713396466,0.36027365633195974,-0.3384212961303762,-0.1557402507328839,0.014067209943173814,-0.38254331365736893,0.044338066632475644
63,13,144,0.8708125503342394,0.24150528564156104,-0.41222927197275516,-0.4616458807006182,0.0408033242307214,-0.9519214979911113,0.04554569183958995
64,14,21,0.5161147266267445,0.24800115381907648,0.8114386321958315,0.7540096922322488,-0.6137897412433964,-0.292295522807194,0.022251733386457348
65,14,23,0.42537057737937556,0.372080831187659,0.8160820749363271,1.2059807152797495,-0.7722171835253095,-0.2692366647999084,0.025151827426004438
66,14,39,0.2763418632185675,0.379350823479072,0.8718838270236364,1.7166207174061254,-0.4989609015473086,-0.325242298936371,0.11018222615250303
67,14,123,0.22788205967860375,0.25025299652269883,0.9307293019362203,2.154764778410612,-0.41666933290770075,-0.41492071753271265,0.046332386105586564
68,15,127,0.526910382417501,0.2441658630367439,-0.8054113615033398,-0.47266104768013434,-1.1573007632153207,-0.6604147547839301,0.052141101899748965
69,15,128,0.4470837869420877,0.3665497134060308,-0.8064700414237118,0.11249987902007058,-1.6020470886423348,-0.6713524600957711,0.04129834738223926
70,15,129,0.3026669405572933,0.3654482004095666,-0.8711532517818263,0.9412867362326142,-1.45260570932457,-0.28713395124557684,0.07150334564406981
71,15,141,0.26646668026477416,0.24627357016275517,-0.9248016733008054,1.385174842779735,-1.0310023500838448,0.13058712601040756,0.06753418553367571
72,16,137,0.8790903882422673,-0.22663438569985822,0.40426175480950866,-0.40509936223612303,-0.08866063349081077,0.834794963527948,0.009530601077726157
73,16,139,0.7158935415909042,-0.2181593650290249,0.6515805472264085,-0.03367754931372233,0.2577081356012526,0.1230275297410221,0.007828427872720218
74,16,175,0.7375149308466356,-0.32240460274914845,0.5824285404914918,0.006787362372523809,0.3318036238743465,0.17352401912888954,0.013243249367395968
75,16,189,0.8219771471492399,-0.3186679016668136,0.46114371867777926,-0.2513068336019679,0.12007264036694043,0.5261120534607077,0.02044662319691155
76,17,131,0.8743420615981432,-0.2439178109922081,-0.4030501987570124,-0.4347163998487172,-0.059298563451512035,-0.904810665536227,0.0359078268267824
77,17,132,0.8684627632415427,-0.35980533713758867,-0.32177046411718424,-0.12318709763699054,-0.036391202788791654,-0.28857000090969753,0.058192716415775246
78,17,138,0.9539419836485115,-0.24306820934883433,-0.13409383040248557,0.010479228273164262,-0.39849035974696256,0.7872609041977009,0.0540983988581964
79,17,169,0.9104382229280747,-0.348736675993929,-0.196320694741197,0.011347294457123333,-0.2732377475228289,0.5246228324825151,0.042050488210964146
80,18,119,0.23723813159715296,-0.29251333121352374,-0.9162314085381662,1.4330786291234627,0.9299507758410424,0.10690603479499691,0.24057403146305992
81,18,142,0.5246377140128762,-0.2245797731528958,-0.8139645858828912,-0.47968843576835335,1.0530658062809426,-0.5884163898259197,0.06646560968071571
82,18,168,0.3472728605179376,-0.36859751525527107,-0.855337844141285,0.7474498292412463,1.5294080629082696,-0.35120679040352265,0.06857205268369627
83,18,176,0.46325669120669316,-0.3202706947453362,-0.821324465196512,-0.008443770765216518,1.4288594560032588,-0.5480375275062797,0.07768602715455956
84,19,21,0.729209315638879,0.24573574263929726,0.6284319770014546,-0.04267853817120977,-0.2585929294229662,0.1499034395442247,0.007360782989499978
85,19,33,0.7520109867543195,0.3557513235154084,0.5444782872141605,-0.005260488936740276,-0.3412350629134309,0.2286959183164899,0.020225876599767892
86,19,126,0.8781107570766779,0.23647800237131789,0.4013582178827826,-0.40156467099513754,0.0872511079635607,0.8265435926204057,0.005608613895079922
87,19,188,0.825644436778872,0.332403258915799,0.44611568198462764,-0.2622987978821986,-0.11318001324571053,0.5618892769639803,0.007917573103032911
88,20,139,0.5234129139637652,-0.2283609025614867,0.8142981828367201,0.7949571062993029,0.6239206592321224,-0.3025651206860127,0.11768088807085911
89,20,140,0.29617628127631457,-0.2602789650091035,0.9128326625320349,1.8919949502784634,0.5675757684450355,-0.4331793960175504,0.02327338329635835
90,20,145,0.3945356213372688,-0.3684213267899391,0.8334865449441204,1.3026690037431394,0.753391781224513,-0.2950082329254144,0.03757996741219838
91,20,175,0.5261441953761563,-0.3405583994516982,0.7649803077044282,0.8030386943230118,0.7331311072742159,-0.21773872252380666,0.04134022905740707
92,21,23,0.5498620308780758,0.3681107543328372,0.7399117838131243,0.6954301643509995,-0.7128987333697898,-0.1620358488470513,0.027256219090844105
93,21,33,0.6609162136169344,0.3630925606291355,0.6459096672223112,0.30905950096209345,-0.5524523112663011,-0.004282625633050485,0.011459233680265487
94,22,24,0.9222262618235066,0.36349366210021256,-0.06322189457171531,-0.032001316990797474,0.29575174323036313,1.2100834617957623,0.04671660788186972
95,22,126,0.9535864489842826,0.24123593721199388,0.14043248117097762,-0.292129937060475,0.31692752223561355,1.4601595332085928,0.057266853238095994
96,22,146,0.925111383957379,0.35497638610769555,0.0752863262824367,-0.2122189629871963,0.25240092222773125,1.4639458320548642,0.04318571241766317
97,23,32,0.49709791336341724,0.5948329174668432,0.6176672203673574,0.9418112115562939,-0.8021339707457158,0.018197607967806922,0.034894832786163704
98,23,33,0.5786768869333062,0.481917599297557,0.6465745770959225,0.7227795086079658,-0.7702677120716799,-0.06493972309496376,0.006963970698704399
99,23,34,0.3648613075003301,0.6040021163584663,0.6970885091204155,1.0907751831426071,-0.5578757592006247,-0.0941072691255313,0.0503008855452966
100,23,39,0.3155473155369959,0.4985627137817089,0.7968826412938259,1.4108526426640753,-0.6093324740503034,-0.16911744763034486,0.007651379476752593
101,24,25,0.8325315084587115,0.47535648969940153,-0.2604157173956574,0.12280849682518072,-0.10049961495554129,0.2100701045776596,0.015467239453829985
102,24,26,0.7850083256410353,0.5810822291378539,-0.18046593844170766,0.42515680601635153,-0.34431289006974386,0.7414055738110001,0.013690994673513132
103,24,27,0.8078860118851867,0.5764762679431781,-0.04101817102977123,0.30229883378021827,-0.32798257741074205,1.3013979544058591,0.02049902183059857
104,24,146,0.875691962354911,0.46931163316446467,0.013539760460367829,-0.034389281264497515,0.030979199109998093,1.3519641016675303,0.06946321755657783
105,25,26,0.745971447237824,0.5752150946272611,-0.3153720110863202,0.3836024801362885,-0.5338362162198809,-0.06742380329353495,0.006438474269556788
106,25,144,0.8058275552365071,0.35135719184710634,-0.463562181621132,-0.487423975908429,-0.33319096819769006,-1.1086773815512574,0.02807130278317453
107,25,147,0.6931709041037002,0.5582518954779406,-0.4413363711682345,0.1841637309474289,-0.8550220827984465,-0.8041564504374558,0.037150797858703476
108,25,174,0.7348547527798217,0.44914892303571513,-0.4985173048272079,-0.25778835851015885,-0.7627150562746556,-1.0862179496113116,0.0705618378184655
109,26,27,0.7218584659465532,0.6754669860854641,-0.09526709389473105,0.6937627141401148,-0.5865635734625011,1.0929228279352436,0.06802566127666206
110,26,28,0.6203518254166359,0.7614859468810075,-0.14703272481118335,0.9798758919332327,-0.6208377703855245,0.9176593209639,0.027096277970202642
111,26,29,0.5827537958767276,0.7521208190251828,-0.2850320853472187,0.9009692855422625,-0.6699475423632673,0.07848150836475337,0.056581173151281444
112,26,147,0.6432765377998244,0.6616087430245844,-0.36748213060693563,0.6565147990324613,-0.8478785071999044,-0.37555650400475826,0.02863538451863748
113,27,28,0.6439507792076662,0.7561281039072009,-0.006298750270209248,0.8549589524119463,-0.7167602431063242,1.3498735951212764,0.06408415107399475
114,27,30,0.6537771812590032,0.7358441505723916,0.13317951433163594,0.710888393876562,-0.878261694026658,1.3774466209518448,0.023920753221879087
115,27,31,0.7389009480000868,0.639483917088935,0.18045351866712966,0.35326735154389727,-0.750086807567404,1.2272441398987588,0.034858022050289456
116,27,146,0.8134869589515292,0.5626109491429429,0.09660901641768233,0.11483910381855328,-0.4047533857586443,1.4153724158169514,0.018633807221805368
117,28,29,0.5063233293960889,0.8314629278868642,-0.19662158844315336,0.9100466767839156,-0.41728632328198406,0.5829017178090291,0.04293227772480842
118,28,30,0.5525337988238623,0.8212897014423008,0.08176633989153467,0.8418873927742772,-0.705943833970441,1.3887825958652011,0.07029488820462301
119,28,35,0.41770611832077054,0.8947613415659391,-0.10783842941524628,0.5705221208476627,-0.14281460885146285,1.036765056052269,0.03305187091262068
120,28,148,0.438193512352673,0.891061131006304,0.02647064847676763,0.5852470800912235,-0.3322647612012259,1.4336168156998677,0.017369859035321532
121,29,35,0.3826267260658591,0.883648848218253,-0.244154336327779,0.46775610130421236,-0.11389181922769209,0.32178827122809295,0.010673703939975129
122,29,36,0.337419716585904,0.8567313978765427,-0.37288902275226,0.28802351788426883,-0.32006662461356866,-0.47810872065348836,0.017228779382932827
123,29,37,0.4167639923467499,0.782612629527947,-0.44999462999575646,0.568674605995678,-0.8093929487294906,-0.8910404607297695,0.060723834954155384
124,29,147,0.5310681865333897,0.7311405957353313,-0.41399789570047985,0.7379866114215395,-0.9280714666614803,-0.6933396214673143,0.03637473688363031
125,30,31,0.6492731866426765,0.7027726604159236,0.26821386488382765,0.6068077830264538,-0.9300427455636022,0.975748925900315,0.03773840828498889
126,30,32,0.5479418874159014,0.7484110633589223,0.354962565194784,0.755533525048421,-0.8935106900625986,0.7195312176497763,0.02617249844385324
127,30,40,0.4457337938516639,0.8348906848781864,0.30064002358594866,0.5809331190750509,-0.6564331671860975,0.9597662030027088,0.02772183102817315
128,30,148,0.44798825549822796,0.8707727014426646,0.1646007507280099,0.5497402308623085,-0.535797847081716,1.3311931038094262,0.04990074335391603
129,31,32,0.6349669341936587,0.6511293401599223,0.39981320217397176,0.59954313812783,-0.9043816439623851,0.522025804772537,0.03078045445058763
130,31,33,0.7084796919543197,0.544566645368053,0.43479376351936644,0.3041888562837358,-0.7195957339077939,0.41079025826656457,0.029753130940076485
131,31,146,0.8061436858446667,0.5355414742880046,0.22779909716970692,-0.016608791326553407,-0.4576066019018459,1.1527816658823893,0.014230919760339562
132,31,188,0.7862771195312855,0.5019337533423451,0.34657185926891765,-0.01324179443982193,-0.4914777774290236,0.7509393895480023,0.03160227433392237
133,32,33,0.6112739307624329,0.5806814952944063,0.5251120500000218,0.6612184536763289,-0.8067767146245638,0.13105509220554706,0.024827927212289998
134,32,34,0.40389197891269446,0.7028914242068907,0.5715062780728544,0.8707125573132931,-0.5889502821083414,0.10671199852836638,0.019988687911809567
135,32,40,0.4312320619150972,0.7809261721323574,0.43546249095633627,0.6793127929492773,-0.6199729346151165,0.44142284759167316,0.041597438205691555
136,33,188,0.7656258840057364,0.4395554042295026,0.4590448632440014,0.016114974994802203,-0.41896496450515947,0.37362140487972306,0.02350932221814554
137,34,39,0.22022107540368674,0.6131419055920496,0.7485119747571878,1.1265766465046974,-0.16204576661297648,-0.19992125054779858,0.02379077252008766
138,34,40,0.3017252498010089,0.792461702171368,0.5143782707405344,0.43643583993396884,-0.29463384234238676,0.1966185388926812,0.03249843502845957
139,34,41,0.16984344596460058,0.7914360576110935,0.5754583512403963,0.17382261910415403,0.06790378288008092,-0.14741812746341307,0.033280617864079855
140,34,143,0.13885187091535087,0.716162847148739,0.6752052444829866,0.5562517452581546,0.20353108558651672,-0.3329974121394519,0.00984067844763003
141,35,36,0.25119985063334666,0.9183050513360803,-0.2837468113773355,-0.20443748519111565,0.09891345615972941,0.13832460410654798,0.005158488791678804
142,35,148,0.31928250773410455,0.9412313025967203,-0.024344664061926105,0.013281436443961264,0.03001038948098119,1.287517787457506,0.06667906082987521
143,35,149,0.16473663777372008,0.9622127117231208,-0.18714644757888182,-0.6830351039373395,0.27059320306590684,0.7692407258487312,0.0638327077031158
144,35,170,0.20780019145067918,0.9705727973429337,-0.07108574837859571,-0.5808679149835212,0.22009379044290833,1.2005529365352698,0.060960307509902306
145,36,37,0.2864053342118937,0.8183735165561388,-0.4862583767048283,0.15104530361666824,-0.6513601872483942,-1.0046114319035322,0.031450313611784915
146,36,38,0.14600136332191682,0.8404041367527015,-0.51121523589498,-0.23499433053581037,-0.46562667125018614,-0.8313336892114329,0.05267974023996363
147,36,42,0.062028418578792696,0.8963877132206286,-0.4239460683653655,-0.5905276132455602,-0.09506384840860335,-0.28886701316003927,0.07808818838837807
148,36,149,0.11675141294104045,0.936319173137272,-0.3108745136695916,-0.7270014324425862,0.14297501257330647,0.1525978292083231,0.046762919202646316
149,37,38,0.2278592497848047,0.7713230650947462,-0.58352289131877,0.16002968904957854,-0.9473406798031305,-1.1969957117494925,0.035319233467741636
150,37,128,0.4314616855897167,0.6235084724666461,-0.6393523970606495,0.34825015701099254,-1.615854592054291,-1.313299972047223,0.07044473199624819
151,37,147,0.48090265787897346,0.6897557567215726,-0.5305484264464417,0.4813615499771659,-1.3020383071376196,-1.2438093488089546,0.03232203793409387
152,37,191,0.3036625164813915,0.6920164795569719,-0.6469983097824001,0.41812503709660476,-1.3951528738783248,-1.3016389689297356,0.04909299309010647
153,38,42,0.0037094479747147822,0.8435324496734238,-0.5257419787976154,-0.36599207775069276,-0.31856827955378797,-0.5127383095914424,0.027716358901547465
154,38,43,-0.0540741704225328,0.7670202616157951,-0.628635811798302,0.17012000414541775,-0.41567235316235773,-0.5219316128436411,0.04207282907744312
155,38,44,0.030813396569783782,0.7015117921020567,-0.7027899354108287,0.4532847389192296,-0.7382988577974864,-0.7178373161437426,0.04217065622121256
156,38,191,0.16567347257506398,0.7173417044198946,-0.6692586142433665,0.3019939743715576,-1.0617129949190656,-1.0756098117956658,0.05930910144372378
157,39,114,-0.02330121050415907,0.5459161493387485,0.8259917153791797,1.337589428867507,0.7460096116031499,-0.46439096434926097,0.02177177310975978
158,39,123,0.11462198663090523,0.36849005988929423,0.9139143908658129,2.2082067787408812,-0.06904869559083027,-0.2703551376394271,0.02791261314235574
159,39,143,0.07944860456863748,0.6251677013958844,0.7664871085947056,1.0034056218534684,0.3156329341442695,-0.3551222804379425,0.06433847211671292
160,39,178,0.005404644283341467,0.4383674360030249,0.8900429078738106,1.833601937432587,0.47261816935456125,-0.27300385678623396,0.0800958958624998
161,40,41,0.19544744243912873,0.8646580718842816,0.446690877585359,-0.16133307927075902,-0.06752660962519227,0.20220040006611742,0.032828058698181325
162,40,45,0.20965998664496419,0.9193182562203304,0.31162087256112164,-0.41376138648412697,-0.16836260106765866,0.771213338505737,0.03456496172086554
163,40,148,0.3319933375219665,0.9045382601607991,0.24156552360729444,0.07706227930712842,-0.3246169924715296,1.1066858870203378,0.03002297752977577
164,41,45,0.07960868507280457,0.9151085331491191,0.3772343928649598,-0.7224937803630196,-0.04117405344635086,0.2528898251298274,0.025835268831326082
165,41,46,-0.05101896200995678,0.8921860747575603,0.43326832218596373,-0.5929504859190068,0.10736987178078354,-0.29053152336370697,0.07340675722343683
166,41,92,-0.06616749233666988,0.8232608017065861,0.55233106169758,-0.21095725753937994,0.5019734006806839,-0.7826285102821166,0.05131192382857774
167,41,143,0.04034618508098967,0.787590777235562,0.6068599722422373,0.03275762334056058,0.3920744824748231,-0.5193662510995124,0.05942996407482768
168,42,43,-0.1380097539702242,0.8224494203967818,-0.5392822687695973,-0.05871355213850847,-0.10725479274932863,-0.14770450084626932,0.04181526008856177
169,42,47,-0.21855049276724614,0.8665763116843721,-0.43369752449477345,-0.11738720003421389,0.11923617481004695,0.29471758127714126,0.01894486274231324
170,42,149,-0.02201599463640494,0.9392799242413234,-0.3248344138737266,-0.8996897905603254,0.11608874263008531,0.38894088587029735,0.04308749235430275
171,42,150,-0.15566893937685244,0.9234571319961936,-0.33477090830993955,-0.5919866075039736,0.10967473431924807,0.5707852870562555,0.03898027319548005
172,43,44,-0.10917317947051515,0.6740692132668534,-0.7219644367963509,0.7603117107064962,-0.29174370169271463,-0.38683896708261656,0.013551967269306131
173,43,47,-0.27701997822301316,0.7877398379494964,-0.5372135674677512,0.4105960451469537,0.20752350011663095,0.09169071951639418,0.007452351357926895
174,43,48,-0.3294158578723669,0.6887674509321607,-0.635276700830602,0.8560676661072606,0.4011737064622578,-0.006986952452956503,0.04038783570416357
175,43,157,-0.24871657304103867,0.6339517663491615,-0.7233037110315013,1.056676982754208,0.23387677245082852,-0.15697582508386937,0.01152734891540585
176,44,129,0.08042789342879966,0.5471481813551409,-0.8265090687556498,1.233921487964171,-0.9875358273409798,-0.5203515308149803,0.013130007000494583
177,44,157,-0.16265726476777648,0.5740077033909454,-0.7946044332069411,1.305119895333328,0.03179401636362972,-0.25054804540646863,0.005934143503446852
178,44,187,-0.07149644394751542,0.5282945669655466,-0.8409080384881462,1.5252831563136275,-0.3009092767170384,-0.3123864691320847,0.015238715623059687
179,44,191,0.11447086867526791,0.6336017905178892,-0.7572440326000166,0.7872541872492108,-1.1215204615552905,-0.8265439153688949,0.0497858274896564
180,45,46,-0.036395360301411946,0.946699241822244,0.29714585007581445,-0.889203622182692,-0.15753193322678635,0.38619236394364564,0.08078592070489675
181,45,100,-0.017798794361224928,0.9813280937002875,0.14933072781888812,-1.1068691456257496,-0.1989333346162585,1.1120152169908797,0.07187277927561958
182,45,148,0.21648185634806216,0.95326062538636,0.17886353963172535,-0.5545960826929719,-0.11112943172302372,1.234882674774908,0.02563586291668179
183,45,170,0.10964468684268724,0.981774181218628,0.11657428439978756,-1.0243401773506455,-0.047388266096778014,1.251786573144427,0.0693345603838042
184,46,92,-0.1801332601947584,0.8521194941717614,0.47729995043457846,-0.23213175027212724,0.39842084181720144,-0.7960497749681135,0.033567956012141485
185,46,96,-0.288507114498511,0.8693330060245392,0.38515271637304116,0.06493749642504917,0.25788835552296246,-0.5270917422120167,0.006321487971467751
186,46,100,-0.1437325424996222,0.9606765519079282,0.20119326159377354,-0.8043220512488655,-0.2607867565201377,0.6942786178453457,0.05085699219946445
187,46,171,-0.25684461209811177,0.9244793313212567,0.261221992193842,-0.2200241125341246,-0.138121225262132,0.27575575568648086,0.020626357563293844
188,47,48,-0.4097010505198716,0.7353007418247903,-0.5258166800847706,0.8033771207781004,0.5936171583383519,0.20236263249235775,0.009396753700909278
189,47,49,-0.48408693696774974,0.7678106393584321,-0.402828829029535,0.7075631185704179,0.7487360087448456,0.5704542194615705,0.06987514750343701
190,47,91,-0.4225431939190261,0.8454835047451515,-0.30726339905928146,0.5253649255651123,0.5982489596219783,0.9200188796147215,0.012951241651851724
191,47,150,-0.2919869502761962,0.8917458422100097,-0.3291248678426274,-0.025640336040094136,0.2873157675456538,0.796323260237884,0.005657679582310343
192,48,49,-0.5350398612270616,0.6687345383685215,-0.5015983758155271,0.8261788130390549,0.8363656953399737,0.2350245048217554,0.032195109674823176
193,48,50,-0.5742601160896252,0.556376093521441,-0.5890524373556695,0.7399300920391736,0.7963041483992438,0.03333708102498012,0.04856231033712461
194,48,51,-0.4931769412766585,0.5137792491154617,-0.6929001165148441,0.9786772093806207,0.8033355141514884,-0.10358837148674666,0.014649437575396197
195,48,157,-0.37855294400304984,0.5799524598402463,-0.7133775983338917,1.1492667089331927,0.6299736096597011,-0.0970043522538126,0.022224645059707587
196,49,50,-0.6478856332529548,0.5897870010629281,-0.4670529240474034,0.5580713190293028,0.837354614691335,0.288103018341852,0.015113673355152233
197,49,91,-0.5466519617562468,0.7806494090736752,-0.28146703999230765,0.7507528749081224,0.880234020869097,0.9787109958454773,0.0261887271100871
198,49,99,-0.6571342633604353,0.7021372122213939,-0.2511458075825096,0.6093849048075213,0.9391359345427462,1.0330477493102441,0.02182086514466217
199,49,161,-0.7061344088482442,0.6090582739459104,-0.3433219720651349,0.3416671559297929,0.7972537716784176,0.7103095057792328,0.029032007151386763
200,50,51,-0.6042613845903178,0.43582206368659593,-0.6572610921277884,0.5834799497088607,0.7121405626431387,-0.0646203835804014,0.007619054537334293
201,50,52,-0.7038318306012608,0.3473100069116798,-0.6086949508997468,0.13673743187275106,0.44050437597908515,0.09272958472840433,0.013269475609702002
202,50,53,-0.7740596875822933,0.38193703847479066,-0.49157092272464675,-0.06715468164840584,0.31198359726406377,0.34657324882540114,0.014048749541756955
203,50,161,-0.7448541443468542,0.4993581868812209,-0.428097533534853,0.11865413803177718,0.5591039287443289,0.44306993996978966,0.007088059573976056
204,51,52,-0.6206832866679395,0.3053294814191863,-0.7128449374065904,0.3709007565148864,0.5546052508659125,-0.08581914450579076,0.005149157659701223
205,51,90,-0.5264708845805912,0.2581889778782507,-0.8016891978128173,0.6897680399458835,0.6053437867360973,-0.26271620769443976,0.023588714678927303
206,51,101,-0.43079610279982167,0.3496120058955083,-0.8259478523997819,1.1849666301302002,0.7691774856033102,-0.30115226927936845,0.02050403791399387
207,51,157,-0.4116870459933877,0.4642597191074128,-0.7771843468281308,1.1876014639533354,0.7689983104988787,-0.1733317904364297,0.0429069629906206
208,52,53,-0.790191265901192,0.2528062158533647,-0.5459884098521809,-0.20924309926442117,0.1376329371589972,0.3665582050777606,0.01972386011197987
209,52,54,-0.7881482776970095,0.11853434823381542,-0.592439261675535,-0.25601390379138933,0.05902892433759732,0.3529840562004444,0.0207383881321378
210,52,90,-0.6188255692763786,0.16872438971882983,-0.7585830846233006,0.2444162422854933,0.3586159326686339,-0.11850278920354726,0.027735625928815722
211,52,156,-0.6929592981981267,0.08400016279760664,-0.7068950992546467,-0.07652414162291198,0.10345201052916742,0.08799072213322762,0.018838701086159614
212,53,54,-0.8606042213862568,0.15344842909742706,-0.47141331855735286,-0.3830295221066745,-0.04065699711517751,0.6860181046457202,0.014841719803513894
213,53,55,-0.9131724768834966,0.18553995619981112,-0.3440476896095533,-0.42656390226375895,-0.141600311605117,1.0520391518107104,0.03029390689072494
214,53,160,-0.8959179644735419,0.31115696735017745,-0.297262608372342,-0.40430408442096283,-0.1183784384619681,1.09030436792577,0.018859661932643733
215,53,161,-0.829328326828307,0.4055478393023701,-0.3685609612539825,-0.2364428572872458,0.20387827212081217,0.7522632622814718,0.024822545531260034
216,54,55,-0.9132265961587406,0.050918526059416276,-0.38709307788413383,-0.4296123289170583,-0.04767304077969553,1.0072666914291935,0.006173189658986882
217,54,56,-0.8952473044667381,-0.08630524856358485,-0.42152506023538155,-0.42134347322516685,0.07154849887068687,0.8797034830525878,0.004715542078621311
218,54,58,-0.8268126257022754,-0.11961677361024352,-0.5368054282174128,-0.3282995654318332,-0.01783417467320375,0.5049985239592977,0.02337812242295336
219,54,156,-0.7637490509795029,-0.013741539645965792,-0.6328943423466652,-0.2401575303908193,-0.011120931914343365,0.2886516348825347,0.017376460791831274
220,55,56,-0.9469411130114989,-0.056025729977484395,-0.2936189770299398,-0.39620943263055797,0.06303511083291363,1.2804190778246867,0.024996249507739883
221,55,57,-0.9790602007016306,-0.03564351277722402,-0.15394610213480742,-0.24055382837820594,0.08190140581444838,1.535295551413451,0.02987054931533624
222,55,60,-0.9798157941045387,0.10998448873806052,-0.1179720454853729,-0.20411709548654325,-0.21892536170478222,1.5053199478068588,0.061166582443520134
223,55,160,-0.9473539951775604,0.21137709978665564,-0.2133710608009793,-0.3728779066081667,-0.24034418915947295,1.4177252290117952,0.031866151030095276
224,56,57,-0.9590350286656764,-0.16937463204181608,-0.19485655994515028,-0.3262429720303966,0.24118642036673144,1.4379456957432826,0.048659689981064236
225,56,58,-0.8617894725475918,-0.2228984262265502,-0.44219721161855047,-0.37775051529667497,0.04859948930162575,0.7145923579314741,0.0113711605344432
226,56,59,-0.8725481952002496,-0.31902397850443376,-0.3527685000264601,-0.3678520257270265,0.010753502742246956,0.8900877755538205,0.04068704351240814
227,56,179,-0.9216635417787561,-0.28139932602187323,-0.24842287184457734,-0.41596079845780554,0.21219400435315117,1.2830964301391292,0.005766296687123315
228,57,60,-0.9920555434361906,-0.0038697728523791764,-0.014749652356396865,-0.026051347649860314,0.018580605091796598,1.4257530226841757,0.01873091159754441
229,57,61,-0.9846881134041998,-0.09804138553084642,0.08760763611498953,0.06459719782750074,0.20007717306150424,1.0166085655692811,0.044983447633992805
230,57,115,-0.9453539250260092,-0.30440356739061747,-0.006526697900061216,-0.11901234835903482,0.3372663521359818,1.4139912967314197,0.054996053305283045
231,57,179,-0.9492924716311428,-0.2711053084651269,-0.12028784895302638,-0.26466940143905626,0.31986665371138456,1.4944049794586554,0.0361138367140501
232,57,185,-0.9672823435216215,-0.22013088768533312,0.07341589079607513,-0.011507986358465588,0.37613444323935236,1.140788177689237,0.03362626648304518
233,58,59,-0.8075760299963799,-0.3540757091086187,-0.45858223415279786,-0.19980217064531283,-0.1950792438446405,0.501970578958913,0.023557436360363938
234,58,62,-0.728083265939319,-0.38297056118850215,-0.5570710819334082,0.0970135297111506,-0.4344228005706767,0.17364579398108718,0.02169729526412324
235,58,156,-0.7357952867645782,-0.14941936571280728,-0.6482529857675254,-0.1394054753522437,-0.12153523003222519,0.18485087701535496,0.028930660295191726
236,58,180,-0.7096055264683845,-0.2815052627784086,-0.6378088320110729,0.028358490247762276,-0.3461655836620871,0.11920729144935643,0.030272405191207157
237,59,62,-0.7356178196629731,-0.47883192444786576,-0.4663271064341128,0.1388209846246921,-0.5425164211291693,0.33793215845658386,0.013177881723582918
238,59,63,-0.7334103335895529,-0.563794735994694,-0.36216748385370295,0.2134140282933737,-0.6895629421317211,0.6444538587173436,0.010082898977367893
239,59,155,-0.8061271942888922,-0.52099925804152,-0.2595046706584154,-0.04816830842854562,-0.44473182957884316,1.045154506925461,0.017535503132543945
240,59,179,-0.8688315380601918,-0.4042140281151322,-0.26879732114707594,-0.31224617094086055,-0.06279588312573997,1.0814429814406965,0.038319753630780495
241,60,61,-0.9850738505010324,0.044450977973734145,0.11986336446475915,0.09760562492260078,-0.09923092281187679,0.8603342231975869,0.012846329552107577
242,60,71,-0.964133152115917,0.18180632788465284,0.15513102911169097,0.03824580457742481,-0.356576798321136,0.6551045602512474,0.03512698701254595
243,60,160,-0.9608963766309138,0.24088642684649936,-0.0769291902439398,-0.20079995314807375,-0.33687012348510137,1.4883703864279445,0.04996385685409244
244,60,162,-0.9530810975178432,0.2749036334587948,0.05641769963991037,-0.035560769263272146,-0.373293185565168,1.207067819380889,0.05293577025725689
245,61,71,-0.9566898985889345,0.08429345660505727,0.25367050878993896,-0.018065002948358815,-0.13906112067153142,-0.021383099306539567,0.02725051388032825
246,61,72,-0.9306017695925568,-0.01965963553443121,0.3467744160112332,-0.2609881474313926,0.02578283934569861,-0.6973544574491705,0.017963400928456167
247,61,159,-0.9331767477539598,-0.15188868328887184,0.3058690971590242,-0.14501238162214242,0.15959088048298992,-0.3588852594495861,0.06662301436411046
248,61,185,-0.962233109526361,-0.16809964126536317,0.19119101253679527,0.0441980235118932,0.2897605523295103,0.4595955669605286,0.03973325435621662
249,62,63,-0.6486890547271085,-0.5925984144722944,-0.46413075204010623,0.5491080830312556,-0.8435781838954868,0.31538794786877744,0.03221158388376177
250,62,64,-0.5507909168998371,-0.6025976860616373,-0.5657549717445702,0.8042141665115591,-0.7955960329091639,0.07160866232983082,0.05758760046384747
251,62,76,-0.5560774994513825,-0.4974542251187769,-0.6568582138691328,0.7998488647439044,-0.7961104889874111,-0.06843189945998052,0.008536394335766792
252,62,180,-0.644213821211976,-0.40174210817325906,-0.642664607011585,0.406165739610182,-0.6253466064684916,-0.012483175531488422,0.015163181004529267
253,63,64,-0.5452306899490081,-0.6910103892031101,-0.4596988915132547,0.8009920809757276,-0.8655876570496759,0.3535873409476462,0.025499059133170146
254,63,65,-0.5340093232731429,-0.7651772556642988,-0.34028947240317237,0.7189262530498066,-0.8410959208131761,0.7619046439144233,0.07017169456890043
255,63,66,-0.6239379795336903,-0.7369802522380655,-0.23345715214101787,0.6964631620305011,-0.9394935571552973,1.1128299378867286,0.0268423571865783
256,63,155,-0.7229884074289841,-0.6340880997991386,-0.24998922783037292,0.3571670628047148,-0.8163611224315352,1.040668389324773,0.004544900557685066
257,64,65,-0.433288538984143,-0.7756001545886546,-0.4440844228122985,0.715714186520577,-0.659172381362801,0.45255333066246595,0.024062069399758124
258,64,76,-0.44950730297818076,-0.5935870743580853,-0.6569832573310026,1.0315660713227397,-0.7467744874993606,-0.02755609173228002,0.020928876385012517
259,64,102,-0.3252637689756185,-0.6856883916603276,-0.6406863239314593,0.903935495529437,-0.4064247853864442,-0.026311549713964044,0.00985833613642058
260,64,163,-0.32619555350525364,-0.7687956490442528,-0.5388094313571947,0.5769080550246293,-0.34372043427114585,0.1376161780303866,0.021956306459766324
261,65,66,-0.5119921251012656,-0.8236326070699904,-0.21435784442382994,0.7386573995752578,-0.7750569800792744,1.2165743517095526,0.012785589284369459
262,65,67,-0.39009008454300464,-0.8935546090449396,-0.1887047758194142,0.3244994211243013,-0.4102021435327157,1.2732469925152823,0.03836170015698095
263,65,69,-0.2919532229282816,-0.9028982396868719,-0.2931101301943167,-0.071670777963531,-0.27592860955865817,0.9221231448235404,0.006644326402484453
264,65,163,-0.31621885757116225,-0.8424999659812977,-0.42042301788968706,0.26959415001003734,-0.3298332155816327,0.4598078947199524,0.012513398930880966
265,66,67,-0.48003559133865753,-0.8656439326727303,-0.08135860599071199,0.6741607368793472,-0.5081601524628057,1.425604920731998,0.06713638388543
266,66,68,-0.5599843688836854,-0.8198579484998905,0.026419911260279337,0.9261076581649196,-0.5908500646423831,1.2929672507663914,0.06937265020461733
267,66,89,-0.6706684298768706,-0.7327013071863742,0.00034592614438003905,0.8188715178022243,-0.748354974752682,1.3774393493561203,0.02276802267182913
268,66,155,-0.7015498919328749,-0.6914457934891063,-0.12730280077739023,0.5494378359442555,-0.8042521497629778,1.3514591097653494,0.04926586974783296
269,67,68,-0.4389588587332567,-0.8894866595992783,0.05306708430937963,0.6546655716927468,-0.24971769807701408,1.2519900539421513,0.01818999838867887
270,67,69,-0.26019099108930643,-0.945067457283212,-0.1593258572940092,-0.3272790539936807,-0.12778854510007304,1.2926262323342277,0.045459054241639534
271,67,70,-0.2223159641774686,-0.9677747586906561,-0.02330883008359826,-0.5339155926648479,0.0873096170717797,1.4091566797081245,0.04814135900003952
272,67,158,-0.3115949838114201,-0.9399774995403558,0.07937403818838834,-0.02978133866823568,0.10527838852926535,1.1508458757495914,0.042466503999656305
273,68,89,-0.6286373631782124,-0.757593082281196,0.13218316837930716,0.934946946141064,-0.6086409805854932,0.9636515468771243,0.07090411322497833
274,68,110,-0.575119340501064,-0.767870567204928,0.25897565705919956,0.9631567042722761,-0.6318932391142668,0.26325406056979933,0.022979795588509475
275,68,117,-0.4547978016562915,-0.8361061943760393,0.28517745902944397,0.761877757461993,-0.3973267159973161,0.052726275688504465,0.014997585907416795
276,68,158,-0.3902548738583497,-0.8949633375402221,0.18459283370217539,0.4716385649283848,-0.07022974846800403,0.6653563034828908,0.02103876974426299
277,69,70,-0.12492771978500726,-0.9769897927919711,-0.12724356860615116,-0.9836831698175842,-0.03813048319022384,1.2578433606007755,0.04715385280286354
278,69,73,-0.023829394238573644,-0.9661361674745668,-0.22886072194947235,-1.0122959666048934,-0.17476804366188192,0.8437916393537909,0.08432464805252111
279,69,81,-0.05770651676161211,-0.9233777242778437,-0.3610372027230446,-0.7855684793031341,-0.04982702246960098,0.2546630245002971,0.04219289804689614
280,69,163,-0.18868512315808963,-0.892927835780489,-0.39189523553923705,-0.342619786521307,-0.11276672097494897,0.42377029425102125,0.03294804992307806
281,70,73,0.012936791696150305,-0.9887538420046724,-0.09238151448264285,-1.1608392301123251,-0.13066397263846907,1.2387072024956494,0.07569915243315048
282,70,74,0.049952606552415985,-0.9909614775330926,0.04490252439834922,-1.1226372229384785,0.005854104086748545,1.3842209101213407,0.08580208650125665
283,70,78,-0.048743443443603235,-0.9815609135281941,0.14511699139955303,-1.1324789580135657,0.2099463145950921,1.0588920632547922,0.04000824995189197
284,70,158,-0.17893481990435484,-0.9711595997418387,0.11056509852998712,-0.7045241144350503,0.25244609051973915,1.1035717356074968,0.0423648388611336
285,71,72,-0.909160167208445,0.11596777495501362,0.38274977183594433,-0.39275737340933725,-0.11900007564624976,-0.8963455738080823,0.029073372022927382
286,71,75,-0.8695614266555484,0.24975647800322628,0.4101821764592921,-0.4472779845040077,-0.029680237236075213,-0.9310694422020636,0.04842400321508754
287,71,82,-0.8765915342396315,0.34867791025648986,0.3110501442667675,-0.11774874902921945,-0.08953490597837896,-0.23064600945170066,0.0493721166722616
288,71,162,-0.9244413984962958,0.31228939353940754,0.18829378896805507,0.0005778690340936601,-0.3238236032715284,0.533676260731446,0.04506612831874876
289,72,75,-0.8435033601157607,0.145210295187721,0.5038869209319554,-0.8693527440151831,0.10011484883655603,-1.4828025153270254,0.04848021285810302
290,72,83,-0.7993355226792593,0.03709876038684388,0.5882509246232781,-1.211986212679919,0.06418210949350583,-1.6478565140213852,0.08748993484758326
291,72,84,-0.8231648124744657,-0.09949121646493861,0.546819211531473,-1.052913553068231,-0.12963303362771195,-1.6088254982691572,0.06707115347805305
292,72,159,-0.8865468960216489,-0.1268011676355885,0.42934777155451054,-0.5756686965915465,0.0551063378670425,-1.173181096012013,0.024469366545140158
293,73,74,0.15049440067067132,-0.9801890261653794,-0.05573444620469954,-0.8933036106085206,-0.20870758874042583,1.2505027751770652,0.05691345800546012
294,73,77,0.25345544348177057,-0.9470433699464853,-0.15611681714731787,-0.28671756362439466,-0.21879388278706757,0.8312843989155178,0.051526654254160226
295,73,81,0.0824954433584068,-0.9327743624440956,-0.32950152639175473,-0.7668150239883357,-0.12738243252158185,0.1558394127629985,0.06972829685494364
296,73,136,0.23324549876874345,-0.9132944593734622,-0.3034986207499444,-0.2391961314809262,-0.0673491378656289,0.01592358720240411,0.04279605702395826
297,74,77,0.28346097318907637,-0.9520357329606312,-0.016779163564745313,-0.1955033101650211,-0.0837172919142104,1.3327682451953529,0.04343618895414245
298,74,78,0.08687975809248684,-0.972853828731724,0.18064246571817563,-1.012185732761152,0.10886771460680236,1.0766012081213086,0.06351065382787817
299,74,79,0.2199751272875503,-0.9444358200666397,0.21527705428947533,-0.5268146987554131,0.1345815194501639,1.1217405267756668,0.01909484451529545
300,74,151,0.3104751650245745,-0.9371671866152239,0.11560357067905254,-0.100280238354849,0.13796808510990444,1.3937989397003918,0.03100761184851378
301,75,82,-0.8131692419336858,0.3763331370337808,0.42933073118386,-0.3577747570610591,0.26014992362682937,-0.9105994178563654,0.009703842448942023
302,75,83,-0.7604072926991832,0.17216073745495902,0.6151280339044278,-1.2009083476894715,0.3358877868067982,-1.5761774912479418,0.061368309920722106
303,75,87,-0.709332203875128,0.30274417374330714,0.6267205960802664,-0.9078008135794965,0.811470793377673,-1.4130993678661068,0.07459919029807108
304,75,125,-0.7399082765721611,0.39263352776893967,0.5361235458841471,-0.551313033303694,0.7182655023755374,-1.2860046314619933,0.026101269936350584
305,76,102,-0.32776842041574095,-0.5805466698936586,-0.733937418921625,1.1531572260449074,-0.48808444376865157,-0.13347054763842328,0.07664784726518174
306,76,103,-0.3067387111606053,-0.4660791777744845,-0.8195830194288009,1.4893760760997676,-0.6093487200150206,-0.22021216075529476,0.023535373634766987
307,76,116,-0.49018263443928545,-0.31837235008266107,-0.801851169247076,0.9113256094546749,-0.7214669928809194,-0.25692130563043614,0.02117003227432015
308,76,180,-0.5567850793034439,-0.3855812285591667,-0.7283186681064874,0.7206419982232506,-0.7454093953817224,-0.14048685817770598,0.017601869383660613
309,76,184,-0.39180718376165374,-0.3547240024858177,-0.8398689710264716,1.358506278663436,-0.7720614152874222,-0.30656508811964334,0.01349613603968779
310,77,136,0.36711904213646807,-0.8851992499165287,-0.25613215263678524,0.3525658400521738,0.09607628431796766,0.15922819577097574,0.09412705238818904
311,77,151,0.4018162302791899,-0.9092759315894857,0.019298831390704704,0.3957258133256857,0.20303652930748306,1.3799132249047805,0.06509426438661513
312,77,172,0.47571646550456764,-0.8552918525281243,-0.17732089420844624,0.779568390360183,0.27701322611712775,0.6918703779125945,0.08854099584079063
313,77,192,0.481212505779726,-0.8690530039962793,-0.06651253648164737,0.7749963709633636,0.3295526422551985,1.1992463450280564,0.061834720142558475
314,78,79,0.12130097682834608,-0.934400564712319,0.3141664679789564,-0.7208915881569733,0.11577320896585262,0.6226473060598996,0.06196079142781027
315,78,80,0.022067763003735943,-0.9061644013129329,0.40672559049247603,-0.726757655559124,-0.023969506644428804,-0.005855056263422809,0.02640451053656031
316,78,158,-0.1378318432141086,-0.9542870653339792,0.24245495002732514,-0.7328511428290991,0.24360885585634262,0.5478832737963153,0.06284675209887881
317,78,181,-0.09350501994815844,-0.9209285859025145,0.36467205249117224,-0.7405999415010314,0.04548862472572965,-0.06811193152873035,0.01460567127788764
318,79,80,0.1527271277200325,-0.8765612130535229,0.44128051233588883,-0.3347885921455705,0.010780310341191375,0.13658336223746487,0.03541023782742214
319,79,93,0.2871804064200488,-0.8302041186702529,0.4636111510463735,0.24971876399944082,0.2660589994520144,0.3217997078970636,0.028455782975938294
320,79,94,0.3829616674460722,-0.8419094120026454,0.3624142657962981,0.4090975298535198,0.4931118737059201,0.7096743256381757,0.04031928773960365
321,79,151,0.3442286073905874,-0.8995796623834089,0.24559877431039268,0.16051648357099846,0.36929978906219146,1.117145826507937,0.023041690884955363
322,80,93,0.1830059428891323,-0.8012015464433934,0.5574117101984142,0.15484649162640396,-0.03807051954145407,-0.10547968200989595,0.01747388889094976
323,80,95,0.07231069539659553,-0.756139433258074,0.6397113754695842,0.23158907596652473,-0.3629882868230486,-0.45352997949926377,0.04422271369357054
324,80,97,-0.061682445395316345,-0.7907240895178554,0.5982949676797635,-0.04819659017311251,-0.6271204384074959,-0.8243074720833691,0.03922632090754954
325,80,181,-0.0661371216762043,-0.8647929680450958,0.48746967720692647,-0.43205988327834444,-0.29311617856385536,-0.5692925915112012,0.053710599220384556
326,81,136,0.19541186103415448,-0.869504989828616,-0.4350941313989734,-0.19643244608897642,0.25620870950651453,-0.6113877910789346,0.09261708710750712
327,81,163,-0.08603477868207102,-0.8651708098063103,-0.4819257880605061,-0.3810891101087545,0.0998559600264854,-0.11092668001055685,0.0671727421252579
328,81,167,0.1357003669580892,-0.8208974245398699,-0.543162457988763,-0.18776527872984883,0.5642162385385698,-0.9152431142667874,0.038887136777249184
329,81,190,0.010492364033498094,-0.828988488307493,-0.5511788012102264,-0.2319020633091749,0.3842775761957532,-0.5938791117597271,0.06220407071130676
330,82,125,-0.7467873941025522,0.48785886584684346,0.43958650128479676,-0.04180807333687886,0.6686101559784068,-0.817914499441038,0.04848083218702601
331,82,162,-0.8666507826213166,0.4388353647666653,0.2102254626575085,0.0725809874808326,-0.09547902889160723,0.49517082955124,0.015413457119730755
332,82,164,-0.7310904455587452,0.5781007362836948,0.3452974853958297,0.36855910342829346,0.6097187343099713,-0.24581037380020682,0.019009918673407643
333,82,165,-0.7942958603599789,0.5534831701328932,0.2252199195775484,0.3461184096163906,0.303549672788036,0.4732125001928242,0.017520455710926534
334,83,84,-0.7399058808174596,-0.07257598355102308,0.6582616475828929,-1.3882306486479983,-0.1700627322752376,-1.5789174433718798,0.0414439795719595
335,83,85,-0.6412470895733832,-0.043120481797991994,0.7572625932784186,-1.2672697853061508,-0.2105795636095925,-1.085716658650643,0.05861774463450257
336,83,87,-0.6652171641758772,0.19967111795010317,0.7100944967288996,-1.1716280001908403,0.7225796594350472,-1.304828783088602,0.028631917778614478
337,83,152,-0.6100182082467636,0.09483033728440686,0.7789310937287055,-1.1064818884864858,0.421769461244224,-0.9204182696964051,0.04423253485884834
338,84,85,-0.6634828126931535,-0.18110081329010308,0.71602626445218,-1.1632136085967069,-0.6557632269705365,-1.2472189945789807,0.08405721481139464
339,84,86,-0.6656131437971896,-0.3209926783712256,0.6623235377120921,-0.8715403267554698,-1.019650806579518,-1.3677395069493765,0.021559272884862743
340,84,159,-0.8256375509469721,-0.23726118044552846,0.4992556902014536,-0.7615692104896509,-0.18019995442232303,-1.3463203455751016,0.062123746635903386
341,84,173,-0.7426589116512173,-0.3496355369645332,0.5580364087312448,-0.7168486377425838,-0.6861483259859047,-1.3825408016922252,0.02306588552525032
342,85,86,-0.5684680573304752,-0.2891984770955884,0.760536871672975,-0.6749844180153531,-1.2249178073984295,-0.9740338120382689,0.022832655366121397
343,85,88,-0.46640956259472227,-0.2504680159833383,0.8406769106242106,-0.11224039369424449,-1.2334224235512457,-0.43656211047050053,0.02288982899176408
344,85,118,-0.46673256884086156,-0.11859664816126804,0.8709092845089367,-0.15498417331494224,-0.6289333905678078,-0.1708372045432131,0.018535499173734385
345,85,152,-0.539907108085899,-0.011969691021933375,0.8340351360968437,-0.7529620861981586,-0.0405989798458502,-0.4908612772261735,0.02125522183245735
346,86,88,-0.46436161162949263,-0.38231600918858527,0.7909065771916929,0.025734958934612195,-1.6293421831285109,-0.7703335969563625,0.04599988558784907
347,86,124,-0.5240755720934808,-0.5342750595646791,0.6549038106887349,0.060516530780358346,-1.6535493211373664,-1.3090972975225004,0.02857672124627034
348,86,173,-0.6421569856389199,-0.455013140471381,0.6069706787184241,-0.33224357785120695,-1.2388298246529177,-1.2881192581323575,0.0763207823913198
349,86,177,-0.4469873717337583,-0.4910901340836843,0.7399002428694196,0.1447555046204717,-1.7816512605139252,-1.0865229334070943,0.05935159734094058
350,87,113,-0.5336996483448939,0.4728463261259791,0.6880288332939771,-0.13328918655759014,1.6339735752985587,-1.2376662129565248,0.04028157394536563
351,87,125,-0.6456038656293814,0.4235587659960931,0.6261758747736853,-0.4756849217985768,1.2488663403464053,-1.3097378875061556,0.05513639850199725
352,87,152,-0.5619023627410161,0.2258432461311272,0.7883340317252849,-0.7353675858216819,1.00270897042511,-0.8181767691769135,0.03450111409208359
353,87,154,-0.5016767624342824,0.34558616777346535,0.7850036927435545,-0.20980052604554628,1.54801320875199,-0.8355611870216133,0.0331125087954374
354,88,118,-0.36487957531713,-0.21932893851062726,0.8980784296425609,0.746716641452637,-1.0540333752678892,0.04258591865819694,0.04435290522358864
355,88,120,-0.23826452908366488,-0.4336474179437309,0.861267559682825,1.1528892835480253,-1.3976224140186317,-0.3766538702166836,0.09170928650044026
356,88,122,-0.2327269828162341,-0.31977205047883916,0.910898955040266,1.5242819377231225,-1.1673264855342265,-0.01893432565777367,0.02586940747992116
357,88,177,-0.3484448388629258,-0.4527852698344402,0.8147587430644148,0.5958829529558767,-1.7168569156110918,-0.6811315364528449,0.048997900091009405
358,89,110,-0.6855802744309405,-0.6813435929929073,0.2304527702746281,0.7798807654188917,-0.6308209213956407,0.4545404216433576,0.03140038705759068
359,89,111,-0.7831224089023268,-0.5791751074685925,0.19670619684626633,0.4283667845187995,-0.357379504867871,0.6513790103639554,0.015165715838676274
360,89,115,-0.8209485005708756,-0.5549697248941807,0.06986988884861134,0.2717655788351524,-0.24504119989101908,1.2190994069829186,0.02503655262331405
361,89,155,-0.7684280316773532,-0.6296534377152376,-0.023231275399357466,0.4060344379064239,-0.5399425736929695,1.3748972140240352,0.05375626970223109
362,90,101,-0.43575052808271386,0.21311097440964827,-0.8675207138299703,1.1321815810841214,0.5728680645736799,-0.4231416165433748,0.014397361143670448
363,90,105,-0.4378014100358352,0.06262582537720376,-0.8912588699580448,1.1232132115584725,0.18642471524355453,-0.5349677374777208,0.023864459579701933
364,90,116,-0.5186943882523363,-0.025764885359027587,-0.8474272183038768,0.6292693422760177,-0.07567975185603658,-0.3806759258548185,0.01782712848814432
365,90,156,-0.5980753253059548,0.034892656693057064,-0.7945596318906849,0.26809955093878635,0.11305084747238045,-0.19419658511908985,0.050823978267878094
366,91,99,-0.5950682510818979,0.7805185160416683,-0.1536541316149251,0.7620031683247133,0.8406650750438269,1.3550648661678206,0.06668892087836129
367,91,112,-0.5234249304368186,0.8424282160632949,-0.04623106828286247,0.8653838216641211,0.6154567834318487,1.3767798934728013,0.07491106800191061
368,91,150,-0.3573488375767002,0.9021706033977828,-0.2153058192458718,0.16272837700489104,0.3575820271536228,1.2162677907716777,0.02970497710732072
369,91,182,-0.4167216634357527,0.8983228669400554,-0.09779542283321854,0.4474725680994396,0.3755978111966483,1.4491363855547827,0.02116502078283414
370,92,96,-0.30647905394097724,0.7969781807711449,0.5063858991999425,0.2839878845564554,0.803231950652857,-1.0877068740009415,0.06396977176953186
371,92,113,-0.31840672882425597,0.7053320031540025,0.6216578533648998,0.3435147241182529,1.322970499941818,-1.3231020739590895,0.05888688620679396
372,92,114,-0.1978904932796386,0.6790993421772794,0.6973556559350262,0.43780089747253914,1.252006196280199,-1.0830196084958268,0.06105909006155303
373,92,143,-0.08496057355270865,0.7488822288995494,0.6495140830744943,0.16779475146282968,0.8175670743208645,-0.9211881567442014,0.018736310390148742
374,93,94,0.4137673366934769,-0.7686512952649576,0.4743927630092786,0.7140602185075091,0.5876281402873434,0.3343159607268885,0.012443326803202173
375,93,95,0.20954908924179638,-0.7054521677376374,0.6659607024446024,0.7137989570006208,0.04070601161669046,-0.1857582925431243,0.018106067604123977
376,93,98,0.4354994348903952,-0.6815017523400875,0.5772962750352002,0.877376257311692,0.6338176628416039,0.0953482172672536,0.06839080187126376
377,93,145,0.3431738704472477,-0.6300829685091742,0.6836280588436874,1.055615768867036,0.5201772655003639,-0.0515455355823754,0.02095805695261944
378,94,98,0.5271793167754306,-0.6979891709324124,0.4730577450094947,0.837749940609961,0.852147888998151,0.33093536078718994,0.024774270642305283
379,94,106,0.6098933175462776,-0.6914372531861284,0.37191233009441815,0.6526432064900187,0.910316371296518,0.6247380993398757,0.056619349406696245
380,94,107,0.5825852948518737,-0.7618096296322701,0.2608711730759166,0.7516266525599876,0.930237348929513,1.0401821540245546,0.015577930177082679
381,94,151,0.4684791076058676,-0.8374291061891763,0.2592945559658601,0.6298423137506722,0.690933120086588,1.0847566134365636,0.02642130172215177
382,95,97,-0.041453676030013174,-0.6993828056879765,0.7032224594594452,0.4786901234531272,-0.7895455468079079,-0.757025223029725,0.03934468504858069
383,95,120,-0.015321655834499511,-0.5969858370443966,0.7941829565374223,1.0521792045924563,-0.754443536350472,-0.5462515008266001,0.025714529102661577
384,95,121,0.11387548930956158,-0.5595549972600764,0.8147113545044773,1.404607080627874,-0.16597225696933232,-0.3184669491633577,0.04741285399542857
385,95,145,0.2336456822459076,-0.5864069432705769,0.7650837107184483,1.2088515805089206,0.25573792098859854,-0.1874394245782943,0.03241359358595537
386,96,112,-0.4883557937743417,0.8226412456278045,0.26137486193071147,0.8758622644498308,0.4603150615565262,0.2031986224118632,0.006972970760268132
387,96,113,-0.43078892274050723,0.7265949302288732,0.5209812957086801,0.51180373396644,1.180178487891546,-1.1990992706424055,0.03179130288965831
388,96,164,-0.5265522312955474,0.7482122955444265,0.38639018625519483,0.7539221743223486,0.8232869285914788,-0.5605883363978819,0.05552705003424417
389,96,171,-0.3760402856158283,0.8748950659384216,0.2846783755357675,0.49557930080415824,0.2151624972487033,0.009348167632490578,0.07513290949480654
390,97,117,-0.2932265464240878,-0.7821554184891313,0.5342081118743898,0.29326613681543867,-0.8980993964216957,-1.1355513366175085,0.1000121456560918
391,97,120,-0.1469118483055927,-0.6276339784361487,0.7557798595491146,0.7358323966819984,-1.2216382280305522,-0.8858769177682062,0.02227599498928553
392,97,124,-0.3352560339555581,-0.6912713049905358,0.6281319517481714,0.3791780215301552,-1.3983896651751149,-1.362975014241538,0.037681059933614015
393,97,177,-0.2653451428326607,-0.6337002621344421,0.7185477660829169,0.5214301095065106,-1.473362308443983,-1.1387311590694558,0.07628018930269449
394,97,181,-0.17446868903427806,-0.8167004081336942,0.539454685956798,-0.1188408360434762,-0.6689114044363594,-1.0220401421426646,0.01907247778626956
395,98,106,0.6216114310158963,-0.6117512689517671,0.47774861066639185,0.6150745079125659,0.8513738425271867,0.2785726045309425,0.04751277523824211
396,98,145,0.4657263469732268,-0.5647405038314444,0.6699635666120933,1.0330265456086534,0.746442279014456,-0.07951362537882711,0.03643372877697468
397,98,175,0.5927993396804898,-0.5286789165825876,0.5983560060544224,0.6920215868433496,0.7664189522804672,-0.021690842251856468,0.03652266084825451
398,99,112,-0.6320200302614913,0.7652157823586025,-0.014026377815208256,0.8642149002064293,0.7281100568848315,1.3745497101043904,0.0656921439241185
399,99,161,-0.7507395275541597,0.6130533081922817,-0.22039169928444696,0.2571013546634521,0.7238724756411554,1.1268886780970018,0.019143121707901306
400,99,165,-0.7340501161090505,0.6705107899516507,-0.0015468227667700144,0.6156694706038582,0.6645779662680541,1.3673625329638122,0.04177823646464312
401,99,183,-0.7795133530539078,0.6102793317695254,-0.10320765680398857,0.27421801163390136,0.5833885600873001,1.3881030965460517,0.025613513627630265
402,100,149,-0.04835046644241309,0.9877669455556749,-0.09086610184223634,-1.1448896053642106,0.05238839513361996,1.272486049472582,0.07482037766843307
403,100,150,-0.1754492034073663,0.9720526163749827,-0.10221684981371706,-0.8132462157967645,-0.002925378831233366,1.3459223425307127,0.03611344639027968
404,100,170,0.010965761429892681,0.9939873984607157,0.021916217822006347,-1.1755465850347904,-0.031763329579482566,1.368500861924881,0.07653580661741553
405,100,171,-0.23833170765357453,0.9579434288830697,0.11997817420642108,-0.46058777754780816,-0.23934955855856943,1.0407992505271624,0.04302610811165732
406,100,182,-0.2492449040200903,0.963199222416286,0.0034876674532104066,-0.4409841948803458,-0.1116999539987148,1.3678170440479231,0.0322811834228663
407,101,105,-0.34662190201235976,0.16333792773659925,-0.9156892019486659,1.6771340837362554,0.4116696407191268,-0.5550271144436699,0.0366236260128038
408,101,157,-0.32402652729017306,0.42194286127279934,-0.841179901464526,1.5271715130786359,0.6650630206355173,-0.25806651753014864,0.025209320479726058
409,101,186,-0.2436973511133556,0.2719714058243886,-0.9256049104993881,2.0770045977852836,0.464343190904413,-0.42301851780595195,0.027679573293718025
410,101,187,-0.2337645066135813,0.38581140336206604,-0.8867222236578536,1.8461667907687058,0.44529947091989375,-0.29661549133620696,0.05638621925708463
411,102,103,-0.18559367997220613,-0.5611509972512851,-0.79772318488497,1.3536913130635289,-0.12210377309897294,-0.23590919318466586,0.020353813861966226
412,102,104,-0.07289259493219108,-0.6367745408782541,-0.7591624992321914,0.9455658765956526,0.37994938191098054,-0.40552323931348744,0.030040021777458775
413,102,163,-0.2113976114998832,-0.7534007072280663,-0.6140911803906236,0.4764773158517715,-0.026451752072811627,-0.13512355347980268,0.01699591161774371
414,102,190,-0.10392723663254923,-0.7266694761013275,-0.6722957254292266,0.4794076517675665,0.30651251981292776,-0.4033270421601086,0.03290350223736535
415,103,104,-0.050467664962228,-0.5256886315566535,-0.8411426993197211,1.4948828733068522,0.39278194175716236,-0.3351681583857089,0.025509603046066667
416,103,119,-0.033602771506100595,-0.4035011934945623,-0.9070107492687692,2.066663852125988,0.30329320157673345,-0.20315401612545164,0.024836395984382413
417,103,166,-0.15272067108277212,-0.3257339008149256,-0.9272184907370997,2.278876832824045,-0.23407318276527755,-0.28210701928720283,0.010855727316725305
418,103,184,-0.2616891196363496,-0.34703977530774316,-0.8937167492620698,1.8233811545500596,-0.5366367754840382,-0.32782123005662706,0.06687301427339819
419,104,119,0.08012251344582774,-0.47823977890321023,-0.866926440547693,1.5725285275648246,0.9127516088013612,-0.36102037817625765,0.007367028745374749
420,104,167,0.13880421148767969,-0.670767067291095,-0.7201935601887597,0.5657180520069839,1.1443409512531773,-0.9503088026094555,0.04609927651844889
421,104,168,0.17926157912801852,-0.5487884762927787,-0.8087529071450681,0.9834641205181501,1.3604457485422694,-0.7004383612843716,0.03238269496684965
422,104,190,0.019260357755699193,-0.6955725002478426,-0.7107126433534574,0.47849070999283116,0.7488575621322491,-0.7072561062769755,0.020953150612372677
423,105,116,-0.4342460662309204,-0.07989096740470397,-0.8912724703615463,1.1283450479006178,-0.22676997322295533,-0.5350395351026809,0.01883058014071893
424,105,166,-0.2526556109787636,-0.08628032379656303,-0.9558692690490692,2.268821545049711,-0.1486759645930531,-0.5241879335291011,0.07350345607719946
425,105,184,-0.3444358143269446,-0.13155900807350188,-0.9241669305047965,1.6954112364543665,-0.32089627461377457,-0.584382287972232,0.04497776801888025
426,105,186,-0.24947344021898882,0.11309501303114895,-0.9526841160182585,2.2368475662180725,0.20897971048871988,-0.5133789445284551,0.0681393616802186
427,106,107,0.6853319262108416,-0.6704790775883245,0.260585749292884,0.4902876431903773,0.8940605371251379,1.0193287137897815,0.024897044004204748
428,106,108,0.7794869141359557,-0.5578240489682134,0.2593814685831316,0.07444177142475289,0.5791755234715599,1.0560514530328406,0.027659626519100488
429,106,175,0.6854404309179846,-0.5156506749740811,0.4996385847356724,0.35493167287116295,0.699332326892254,0.22809494346997883,0.03297678983470846
430,106,189,0.7692832616359722,-0.49996193734433725,0.3841679265551029,0.04080881542200082,0.5235955002077824,0.6036252936529085,0.02224952161928336
431,107,108,0.755668483715613,-0.6269860501303648,0.14035216220578284,0.28996817330022373,0.6476499313780718,1.3379642198122488,0.0476268980851086
432,107,109,0.7051513197188195,-0.6988185603041065,0.018609596249104528,0.683792412529385,0.7395529694168086,1.3428825476397277,0.0786382683070028
433,107,151,0.5431218648756477,-0.818699121385858,0.15175604515234747,0.7497282355468098,0.7513492414019718,1.34463871091757,0.07672696043503686
434,107,192,0.6101626935105062,-0.7850254039176745,0.049566559234379595,0.8663070016218201,0.7817444228706405,1.4234391989060644,0.034544001165939336
435,108,109,0.800107347166366,-0.5858136616472,0.008158304336786347,0.26228000064592116,0.38540098913125076,1.3561769065427658,0.056659635143023614
436,108,137,0.9005922477489888,-0.36372983751374155,0.20574346228396378,-0.3377943511866815,-0.09157865509398389,1.354072760509611,0.05128356920663838
437,108,138,0.9184571865911684,-0.36931599377845753,0.07324747159272532,-0.2052070946595127,-0.20485927342660004,1.4448740372600644,0.06713317296183409
438,108,169,0.8751425467222325,-0.47056030520749303,-0.003994595734280645,-0.020903281485620734,-0.02090717454923452,1.3443487882022538,0.05281301365466735
439,108,189,0.8424272148970563,-0.4498447922631166,0.27563394454023465,-0.2223718951399823,0.20877162323584886,1.0666680610585293,0.027936481205553663
440,109,132,0.7727978243947893,-0.570225744066449,-0.2500915414337188,0.3881756314230279,0.372481186337213,0.33643800735715695,0.02453669844613812
441,109,134,0.6807296340847254,-0.6654716733429523,-0.2786075797427458,0.7312405764204909,0.6808140394765101,0.18397757957702865,0.015351225781279466
442,109,169,0.8226938859932291,-0.5438676272695505,-0.12257578030342424,0.30067132787970363,0.22443107244728572,1.008336828475185,0.05099537793888924
443,109,172,0.6473504289437116,-0.733263518379105,-0.1828085276863437,0.9289896055523672,0.6751402162858129,0.6771891229194642,0.06999299773755492
444,109,192,0.6511509568057493,-0.7487901209268341,-0.07155509158523099,0.890515230757329,0.6742970155499853,1.2518151969482296,0.045419674666812265
445,110,111,-0.7320846043106414,-0.5905030831893747,0.31943368614667467,0.43068023824591506,-0.5760590285418064,-0.08329479086365452,0.022133391334383735
446,110,117,-0.5105372469909979,-0.7606912070772518,0.3838864496018314,0.7463588960910476,-0.792360460160974,-0.5718286043999002,0.05627417425033636
447,110,124,-0.555702767153521,-0.668418854354055,0.4793541411939406,0.546708013368784,-1.1666944508308792,-0.9857739977032072,0.05049580717213172
448,110,173,-0.6735022422474851,-0.588215266828011,0.4335710542883448,0.3006262491611937,-0.8998158198708432,-0.7632326494877075,0.043320325167365094
449,111,115,-0.8632534217751019,-0.46717399909623036,0.15698100073061605,0.1134567333372361,0.05415884476420643,0.776807262786006,0.05569257079843628
450,111,159,-0.8566596697929647,-0.3767399986346194,0.336556782307343,-0.14812057767578293,0.008743627446018143,-0.3636186509275128,0.011458875079171147
451,111,173,-0.7733881689184896,-0.48767537647716697,0.3914422194523987,0.0012107127448584554,-0.47316057717908955,-0.582690178674724,0.006365990465531802
452,111,185,-0.8924733301336947,-0.37469210893586247,0.2266222247664959,0.01236269625849831,0.2029133973341287,0.3865645507308744,0.044371209829419625
453,112,164,-0.599824172219569,0.7527579058960183,0.24105575734114337,0.9492223994207936,0.6305469310025223,0.37685065354943864,0.042854061691238066
454,112,165,-0.6673389846011635,0.7262566396860926,0.11363874481640966,0.8610113967309131,0.6169834899190344,1.052392266565409,0.06556806841228707
455,112,171,-0.437578994646315,0.8801673739502076,0.15217503536510946,0.7196347150401939,0.22497451483248737,0.8104606555196322,0.053510897058378984
456,112,182,-0.4490214458639308,0.886794264953994,0.03540547323026534,0.6856760616919124,0.30411687021992806,1.3093273898394964,0.01664873735697455
457,113,114,-0.3169878490524331,0.5972360421264507,0.7260970860349629,0.5476877296733443,1.6787797849498693,-1.1311912027435453,0.04099700489030731
458,113,125,-0.5763940739097475,0.556339349196325,0.586739180436677,0.10609158503668792,1.4459459597034972,-1.2739215275190843,0.0518703862183101
459,113,154,-0.4197460250869029,0.48255577088428825,0.7557710271207898,0.29572041842455166,1.7721499988698712,-0.9810638182300919,0.06371629360443813
460,113,164,-0.5467362236506084,0.6578164777939473,0.5009018864055337,0.5137960844505792,1.2389825154676728,-1.0636684401900196,0.06395870313755705
461,114,143,-0.07731132300592805,0.6519085463803607,0.7452567622524866,0.7269927116794352,0.9683195384054027,-0.7493926831907822,0.05636467628936244
462,114,154,-0.29356022985264807,0.4673098530719521,0.824417380006637,0.785864948490828,1.628511637980194,-0.6299296035427336,0.07978063995825824
463,114,178,-0.15037397994765167,0.46787261662695934,0.863773921304247,1.4273691067684613,1.2321326943979058,-0.43465509009784037,0.03971414870750664
464,115,155,-0.8480525963083698,-0.5167641023283518,-0.05353720237265973,0.02616622852065248,-0.18506942930760406,1.4311206549295243,0.02758355703088174
465,115,179,-0.9084902283784803,-0.398430462834779,-0.07800855231744498,-0.1984032739218722,0.19072083572076892,1.448390141062269,0.03239795674210441
466,115,185,-0.9250222636779222,-0.3509011454665337,0.10594810194554305,-0.021743067013033246,0.3461581939931217,1.0071565356462453,0.027586042339207282
467,116,156,-0.5878909918986821,-0.10473857899376877,-0.7967286892106102,0.32727392180442827,-0.2513036194443853,-0.2074174398327785,0.026995054305085083
468,116,180,-0.5751319416156715,-0.2430910952129255,-0.7749486490577737,0.5010034232064373,-0.5422891642363076,-0.1955194195730298,0.030240406260369203
469,116,184,-0.42507294735207596,-0.21284227733516298,-0.8745632845749411,1.185499257048864,-0.582592632345518,-0.4384901234640156,0.014224228501379397
470,117,124,-0.4301408835944151,-0.7349757568945345,0.5102527061076183,0.509607275912872,-1.1005886590380671,-1.1587590226066047,0.05587460659967116
471,117,158,-0.33148129035978424,-0.8850666366144916,0.3088707781322281,0.24182842165596669,-0.11097946664872843,-0.05829550938715933,0.025565332120169513
472,117,181,-0.27035606821458985,-0.8558995799117085,0.42894070361935,0.0641536288312039,-0.3961814256629184,-0.7383373532080437,0.04049056815128399
473,118,122,-0.248590446207485,-0.17471988309025244,0.9418563371381163,1.6882713715242943,-0.6791244368056722,0.2686777485332518,0.06803013069522397
474,118,152,-0.43797540398704493,0.0189781162913431,0.8920312812692103,0.11577922096820237,0.14693597004175038,0.05252503219152723,0.04954805785380166
475,118,153,-0.3073749277965482,0.02860742644506825,0.9413705004697683,1.3981679738177344,0.15394780015008613,0.404559078342525,0.1089425684890065
476,119,166,-0.0361872187693907,-0.27411826426906505,-0.9534746897182875,2.446248949035354,0.17813123828191046,-0.10570058231948348,0.13518514762244432
477,119,168,0.20841468331616875,-0.42332786939425326,-0.8745481738233751,1.387914177691484,1.307510476320113,-0.2983645177569839,0.06180191564906903
478,120,121,0.0012912646123573214,-0.49683648340314956,0.8614465813699719,1.597111707174066,-0.5780465678656842,-0.3329893510367442,0.028999074944816582
479,120,122,-0.11028934870693267,-0.4114885414360038,0.8983128535669465,1.7674251519115332,-0.9362767599351219,-0.2070478566930905,0.030990221653288127
480,120,177,-0.2361114549709723,-0.5381240996921967,0.8031302598988848,0.9369348779549909,-1.553443688649704,-0.7707375495115294,0.05119845549758839
481,121,122,0.01736488344896406,-0.3888562076436626,0.914128655974658,2.116654881565387,-0.3572886351892991,-0.18407187895571925,0.027717400045350168
482,121,140,0.147992532544003,-0.37989089102833384,0.9077683385383698,2.089628924181713,0.19082417074481806,-0.2714224462965481,0.02403018108810451
483,121,145,0.23026475192295898,-0.48254626550701,0.8381537482694689,1.5628082266540329,0.36298999693207457,-0.25533679343263793,0.0745150892989793
484,122,140,0.043829530971287306,-0.2796550447714927,0.9524973249706766,2.475481861977093,-0.14024144750069373,-0.14165431286116414,0.08378643057859707
485,122,153,-0.16947233683465726,-0.051080152488054004,0.966357638316897,2.2924409169393907,-0.10402387280337955,0.4035399825122281,0.09219362537857755
486,123,153,-0.08261243850143743,0.21494813132817597,0.9662811663654727,2.4423291670031517,0.4071180191847428,0.12722440362580403,0.11349932526341454
487,123,178,-0.031156405718567624,0.31806609178434025,0.9422402547126368,2.346372986646345,0.43064159890799236,-0.0853882267986838,0.03669647212558121
488,124,173,-0.5994153342746003,-0.5661907440251346,0.5528336474020733,0.11462395407272463,-1.322748417966383,-1.2421808452866776,0.041619286310477385
489,124,177,-0.4004139081922851,-0.5944214293394896,0.6899339952086327,0.3933696880354144,-1.7116394886625605,-1.2594030064340895,0.05306742834842935
490,125,164,-0.658201075478254,0.5853284958946954,0.4605841570400199,0.25167228540822195,0.9687817051875925,-0.8940065267036676,0.06848927648177917
491,126,146,0.9087470698565014,0.34559555465012415,0.20905415068254285,-0.3585693362198844,0.14411522108387476,1.3511483943494527,0.02987783619541934
492,126,188,0.8804716798023009,0.32836078334760155,0.32893891417886484,-0.3843322696641664,0.06387412451344249,0.9783218767912198,0.007159084702135126
493,127,128,0.5692874412160568,0.35961229181784865,-0.730364961394131,-0.5243860550842929,-1.4048568025601582,-1.0887891272338996,0.04280528892689621
494,127,144,0.7298974071728337,0.23440142288922233,-0.6339901140565232,-1.1007447195833586,-0.5883052446943736,-1.4802191032071836,0.07111532408960262
495,127,174,0.6660054392050245,0.339850919791564,-0.6567102587042508,-0.8060307658046226,-1.0522506077759917,-1.3440612876912574,0.04627950312580856
496,128,129,0.34204444831602154,0.47950452117591014,-0.7975687539087517,0.598768937206212,-1.7579756832751086,-0.7907057629366074,0.02463269035314086
497,128,147,0.5412973047382929,0.5701100149832821,-0.6070213018942261,0.17548668897967434,-1.5451580467983845,-1.2870330000288843,0.06031409123833015
498,128,174,0.5969821911309798,0.4558585807491153,-0.6523985200264668,-0.2922273666707352,-1.4567384755072443,-1.2795488211879256,0.05155048195249994
499,128,191,0.3549541358089196,0.5795748763977574,-0.7234376850845013,0.4115650505216225,-1.7060366372231275,-1.1355043531835836,0.09482704451569512
500,129,130,0.08645634663216595,0.3934068437862596,-0.9097106189155877,1.8554038422391936,-0.8997225192254048,-0.2174336945307193,0.12501840119820667
501,129,141,0.17298700475460138,0.35089765700402753,-0.9143014471399245,1.7558660270768403,-1.0893331133461681,-0.07578095428504533,0.01616547393695118
502,129,187,0.026300840437719224,0.4690153396390082,-0.874617028386128,1.6666039900562113,-0.647870361603254,-0.2858961309113087,0.060038489803048614
503,129,191,0.22041091913505764,0.5658490217629049,-0.7878138645994468,0.8243743081403943,-1.4779759174668972,-0.8217505777060939,0.04827864736352714
504,130,141,0.0671845333510541,0.29742453583399586,-0.9495078361099725,2.332210216345129,-0.6082826191812324,0.0077922509877603185,0.050709528838202976
505,130,186,-0.053466278166820674,0.2950010702565821,-0.9509711501812363,2.521549737390121,-0.07518785440547737,-0.19188642301421838,0.0381387257907206
506,130,187,-0.043468306002054626,0.3852629927386727,-0.9174578367419195,2.1181858595864163,-0.2208032803031149,-0.19991194715076976,0.058886847050499784
507,131,132,0.8093443456557405,-0.3595542604353874,-0.4492453122892053,-0.4411592505399978,0.2847303605766396,-1.0226241058493262,0.01785088481637754
508,131,133,0.7343287226958564,-0.3504343285027968,-0.5699181834215523,-0.721366604151431,0.7415657263339701,-1.3896270425354829,0.03734307992191953
509,131,142,0.7259887792460443,-0.2292748242196877,-0.6387376162428615,-1.1050079806488604,0.6013895725650069,-1.477499487779864,0.07774351466860648
510,132,133,0.7281972945705188,-0.46793500246527214,-0.48687256609952717,-0.1873698127957797,0.7805748052460285,-1.0317139970850064,0.057571155246350224
511,132,134,0.7078171439004103,-0.5759456413836073,-0.39138943079287525,0.31383545419962877,0.7333088999999604,-0.5206384916891358,0.03550964981961624
512,132,169,0.8483857156220511,-0.4608172529255774,-0.23736846814747437,0.08221222477161497,-0.013526968012714656,0.3117080050193172,0.05494236548532574
513,133,134,0.6331509066255783,-0.5665734368898643,-0.5146516117992312,0.15090307150294824,1.1882122621184539,-1.120108785134194,0.022025420218622083
514,133,135,0.5597032868033295,-0.5446026163992141,-0.6153312265889858,0.03439581762555166,1.529461048200749,-1.326610104089091,0.034887514309220914
515,133,142,0.6515155343240164,-0.33325325801809047,-0.6727349299616544,-0.8343073802023371,1.0875001907933,-1.3603544286826232,0.02301786722717036
516,133,176,0.5806219535817692,-0.4209910347813215,-0.6900542779279178,-0.3587367167183087,1.506070001822142,-1.230749177866828,0.04631688367178042
517,134,135,0.5317452160468326,-0.655857476562971,-0.5247846090528919,0.479693382061848,1.3125842081815102,-1.1650437042140445,0.04644563182505337
518,134,136,0.4903794684737625,-0.7526546591255137,-0.4229948675120855,0.6434324568337304,0.8559260587740081,-0.7944285089410209,0.09201603499977866
519,134,172,0.584977487882473,-0.739704378833203,-0.315750041752333,0.9254340134204182,0.793168867322181,-0.119022718761296,0.04984409701955342
520,135,136,0.4112928132093798,-0.7354904100661348,-0.5244007903020775,0.4757183765050472,1.1069383466547782,-1.1915132235895896,0.07403163842106723
521,135,167,0.33738526647419487,-0.6898612395012305,-0.6299369021428883,0.36136144740336507,1.416758831322265,-1.353588155636024,0.0460456002227504
522,135,168,0.3810837140731638,-0.5644087127189141,-0.7226161050233334,0.4567307942104224,1.7556439487115107,-1.1360497353132497,0.07363563052716443
523,135,176,0.48896771368694864,-0.5030768949665527,-0.7030797409560554,0.07358736750316924,1.732243466323573,-1.204148894449855,0.041825886317765924
524,136,167,0.280822184626939,-0.7920658137362184,-0.5296176592266169,0.219886023927512,0.8138441528903946,-1.115381797318678,0.08326945148491167
525,136,172,0.471149034826429,-0.8166327253387521,-0.3121659867103179,0.7541759656008533,0.4812978780468026,-0.14188640210420705,0.0660291443320521
526,137,138,0.9525122154286991,-0.24492790459563235,0.14089434988137767,-0.2963551074536804,-0.3120836461490593,1.4619070313806206,0.0542508576464667
527,137,189,0.8770149867936,-0.33064260488059194,0.3338969379634638,-0.3776624583635734,-0.05026199103297879,0.9647807441138938,0.007823647799341395
528,138,169,0.9284610709040598,-0.3508161754966952,-0.06057349547686934,-0.050459527322662304,-0.32768211904022426,1.2064820876754718,0.03542864241544647
529,139,175,0.6312711476762242,-0.30660126779765184,0.7034689252127417,0.3352998818074284,0.5384155694824162,-0.05205826102251987,0.012557949956684043
530,140,145,0.2722246612925877,-0.3822596552436581,0.8741507674166173,1.783921549406502,0.5665917520959929,-0.3148905332335488,0.025804980069267642
531,141,186,-0.0011169699690969264,0.232119045569598,-0.9667015693279513,2.5711849582377595,-0.21249511235028215,-0.05464835172455419,0.11011726411999173
532,142,176,0.5712492379532796,-0.30737087705341476,-0.7557298144120044,-0.6741297078550015,1.2251206259322531,-1.0013085808361426,0.07795759585613979
533,144,174,0.7453378910555338,0.3369162502591159,-0.5668683412270268,-0.7738515375017097,-0.6613361418156771,-1.4177153236782747,0.01578301535435719
534,145,175,0.510057793266287,-0.4568654378740553,0.7165797337259305,0.8815201034760118,0.7932187951327548,-0.1394657233827244,0.04265743426752772
535,146,188,0.8553737686039227,0.4319979784622706,0.2685687690834822,-0.26482613432007973,-0.13958854772057833,1.0934533021540873,0.018702149744187192
536,147,174,0.6397777585748945,0.5280190237789197,-0.5485933308402142,-0.04498803902482651,-1.2261068875440866,-1.2584430634111774,0.025947615769727525
537,148,170,0.225513681235068,0.9676833876464634,0.054468459882929685,-0.5265979653848617,0.03848983818225406,1.4487203645243059,0.045194450190253754
538,149,150,-0.09921985180661919,0.9640664918032995,-0.22086140846642155,-0.9267532132234635,0.12716527644150302,0.9881351279102991,0.06365990780672319
539,149,170,0.08097779054265786,0.9870044487371095,-0.09534716517929816,-1.1178800557485364,0.20848739992375445,1.1978300603788643,0.037555227406824924
540,150,182,-0.29500293303650027,0.9421257337863953,-0.1202615894675477,-0.14353362418117888,0.14218958324643305,1.3793465593001488,0.05083463754083778
541,151,192,0.5036728043190745,-0.8567084473391773,0.05112010653183805,0.8000802024822916,0.562396587310398,1.4567771757076562,0.0074327112496076035
542,152,153,-0.3749849331304639,0.1548550795620883,0.9062664398964626,0.6614977646272362,0.7633257676764761,0.1430128489810663,0.028625066274808337
543,152,154,-0.44816563762282624,0.23969260067405948,0.8550823576329203,0.03638403580910038,1.1341992119497297,-0.28991285330986233,0.06269008345015603
544,153,154,-0.3144575342995236,0.2653359143582741,0.9057704421407258,1.0569889951378524,1.1659754149855313,0.028706838982120148,0.031178682869114488
545,153,178,-0.1747978635371767,0.28609604132681377,0.9373205060246271,1.922343016907166,0.8956559802763635,0.08937796874012058,0.03596415841344288
546,154,178,-0.25000869419353067,0.36329303631539844,0.89044546746512,1.2630719904060017,1.350701418955857,-0.1949547067282263,0.061183122574467216
547,155,179,-0.8602578143409925,-0.4713787179934537,-0.16469552772894083,-0.1674272805908883,-0.1648911402183197,1.349020948891781,0.04200398982847933
548,156,180,-0.6519468478847666,-0.18144409246564203,-0.7283885263298673,0.11375461097350718,-0.3168854285575356,-0.02747558432985281,0.009402160886611475
549,157,187,-0.2099191782894959,0.4873333662684475,-0.8427577369707587,1.6194129792106882,0.32315266819916144,-0.22416758783515325,0.015167919845738904
550,158,181,-0.21453531219827593,-0.9129619747114379,0.3308411899236391,-0.32111944517306396,0.050355804556152246,-0.07111182097072119,0.04100352687226357
551,159,173,-0.8052863966458544,-0.3720540309671002,0.44579747310879186,-0.3840406273357023,-0.3549994597306744,-0.9784384096657537,0.0632971213611285
552,159,185,-0.9189693900399769,-0.2665379752431226,0.2744195413666178,-0.10499953494286493,0.27215968005274016,-0.08587317553452756,0.03895945287409537
553,160,161,-0.8655019532202579,0.4248621858729472,-0.243285619539725,-0.2851453405708246,0.08910555757351446,1.1561524886421224,0.027008248928579427
554,160,162,-0.9242172550059546,0.3642261597068724,-0.03835157367115175,-0.17387903516527586,-0.30170962169815935,1.4145209556741245,0.049157913975388434
555,160,183,-0.8852731403020093,0.4378489959012788,-0.12397425654234509,-0.21144822121048207,-0.019496428265320997,1.418203230166555,0.023642330361833337
556,161,183,-0.8246755671750594,0.5243246002234248,-0.18864728457600444,-0.061945818614686204,0.36020849190262055,1.2240028782287518,0.04699517185427699
557,162,165,-0.8432362299850432,0.5155228033278941,0.10786414681959818,0.2026178585667543,0.10305285932882298,1.0552094783894015,0.03926185271475855
558,162,183,-0.8775998182457545,0.4697779158999166,-0.0009341810340365818,-0.0011624686632464298,-0.015912520554369314,1.3893271958377944,0.0380830608664195
559,163,190,-0.109934715465836,-0.8029553671867093,-0.5778646291942631,0.00044011544512517764,0.23902185139545123,-0.33566405022474366,0.01616287663727939
560,164,165,-0.7055256559363126,0.6574569167018561,0.23778235072681134,0.6929343221039541,0.5930941862154756,0.40187839537758685,0.043375990856353235
561,165,183,-0.8111365759956237,0.5765160679384316,0.01151223381727411,0.25187854949479793,0.31041181175608534,1.3660879735136935,0.031078031027719156
562,166,184,-0.24937660731195127,-0.2270623852979912,-0.9370654853592466,2.148723306444565,-0.41902250928130896,-0.4650920361498622,0.019177385096787604
563,166,186,-0.15508654548623318,0.014415940499636137,-0.9734886492282135,2.727625839446138,0.011987021212639358,-0.44608911419278663,0.02929225316947917
564,167,168,0.25992928902731527,-0.6215317706291043,-0.7276919287821959,0.5558944704581563,1.5094972045863142,-1.0874829243292323,0.0610439615758808
565,167,190,0.08988898148127525,-0.7622483764624577,-0.633451428660913,0.10757925882108957,0.7727209542707782,-0.9123469100475203,0.04581985114137661
566,168,176,0.4152897943881537,-0.43667148905959263,-0.7913381728965397,0.2944789087859544,1.7763921409360148,-0.8404546498439771,0.016217256461654745
567,171,182,-0.346838760530113,0.9303149029992449,0.07882391274816553,0.17720951718847872,-0.032551104074772914,1.1525733609313307,0.0364238236115176
568,172,192,0.5701947859986225,-0.8072350121298311,-0.12610593308642076,0.9995504447083112,0.5542390223136582,0.9690583872776177,0.041046814087669706
569,175,189,0.7485464596055752,-0.41708620653703354,0.5022370805345515,0.05271761091834029,0.413257544940652,0.26417290489063555,0.01281691939821009
570,186,187,-0.14062405367768396,0.34574738774190616,-0.9232952447560561,2.236256605674007,0.157113295603334,-0.29345928568012336,0.036004850275612815
