primal_vertex_tag,dual_quadrangle_element_tag,primal_face_index
3,1,1
2,2,1
1,3,1
1,4,2
2,5,2
4,6,2
1,7,3
5,8,3
3,9,3
6,10,4
5,11,4
1,12,4
1,13,5
4,14,5
7,15,5
7,16,6
6,17,6
1,18,6
10,19,7
9,20,7
8,21,7
8,22,8
11,23,8
10,24,8
14,25,9
13,26,9
12,27,9
16,28,10
15,29,10
14,30,10
14,31,11
12,32,11
16,33,11
19,34,12
18,35,12
17,36,12
17,37,13
18,38,13
20,39,13
17,40,14
21,41,14
19,42,14
22,43,15
21,44,15
17,45,15
17,46,16
20,47,16
22,48,16
25,49,17
24,50,17
23,51,17
18,52,18
19,53,18
26,54,18
27,55,19
20,56,19
18,57,19
18,58,20
26,59,20
27,60,20
30,61,21
29,62,21
28,63,21
33,64,22
32,65,22
31,66,22
31,67,23
34,68,23
33,69,23
2,70,24
3,71,24
35,72,24
36,73,25
4,74,25
2,75,25
2,76,26
35,77,26
37,78,26
37,79,27
36,80,27
2,81,27
40,82,28
39,83,28
38,84,28
38,85,29
41,86,29
40,87,29
44,88,30
43,89,30
42,90,30
45,91,31
43,92,31
44,93,31
44,94,32
46,95,32
45,96,32
42,97,33
47,98,33
44,99,33
48,100,34
19,101,34
21,102,34
49,103,35
48,104,35
21,105,35
21,106,36
22,107,36
50,108,36
21,109,37
50,110,37
49,111,37
53,112,38
52,113,38
51,114,38
56,115,39
55,116,39
54,117,39
54,118,40
57,119,40
56,120,40
19,121,41
48,122,41
58,123,41
59,124,42
26,125,42
19,126,42
19,127,43
58,128,43
59,129,43
62,130,44
61,131,44
60,132,44
60,133,45
63,134,45
62,135,45
66,136,46
65,137,46
64,138,46
64,139,47
67,140,47
66,141,47
68,142,48
3,143,48
5,144,48
5,145,49
6,146,49
69,147,49
70,148,50
68,149,50
5,150,50
69,151,51
70,152,51
5,153,51
73,154,52
72,155,52
71,156,52
71,157,53
74,158,53
73,159,53
77,160,54
76,161,54
75,162,54
78,163,55
35,164,55
3,165,55
3,166,56
68,167,56
78,168,56
9,169,57
79,170,57
8,171,57
82,172,58
81,173,58
80,174,58
83,175,59
81,176,59
82,177,59
82,178,60
15,179,60
83,180,60
86,181,61
85,182,61
84,183,61
84,184,62
85,185,62
87,186,62
84,187,63
88,188,63
86,189,63
89,190,64
88,191,64
84,192,64
90,193,65
89,194,65
84,195,65
87,196,66
90,197,66
84,198,66
93,199,67
92,200,67
91,201,67
94,202,68
12,203,68
13,204,68
13,205,69
95,206,69
94,207,69
98,208,70
97,209,70
96,210,70
99,211,71
97,212,71
98,213,71
98,214,72
96,215,72
100,216,72
98,217,73
100,218,73
101,219,73
102,220,74
99,221,74
98,222,74
101,223,75
102,224,75
98,225,75
104,226,76
103,227,76
11,228,76
11,229,77
8,230,77
104,231,77
106,232,78
24,233,78
105,234,78
105,235,79
107,236,79
106,237,79
108,238,80
96,239,80
97,240,80
97,241,81
99,242,81
109,243,81
110,244,82
108,245,82
97,246,82
97,247,83
109,248,83
111,249,83
111,250,84
110,251,84
97,252,84
114,253,85
113,254,85
112,255,85
112,256,86
92,257,86
114,258,86
117,259,87
116,260,87
115,261,87
115,262,88
118,263,88
117,264,88
85,265,89
86,266,89
119,267,89
85,268,90
119,269,90
120,270,90
121,271,91
87,272,91
85,273,91
120,274,92
121,275,92
85,276,92
123,277,93
103,278,93
122,279,93
126,280,94
125,281,94
124,282,94
124,283,95
127,284,95
126,285,95
128,286,96
86,287,96
88,288,96
88,289,97
89,290,97
129,291,97
130,292,98
128,293,98
88,294,98
88,295,99
129,296,99
130,297,99
133,298,100
132,299,100
131,300,100
131,301,101
134,302,101
133,303,101
137,304,102
136,305,102
135,306,102
139,307,103
138,308,103
137,309,103
137,310,104
135,311,104
139,312,104
140,313,105
119,314,105
86,315,105
86,316,106
128,317,106
141,318,106
86,319,107
141,320,107
140,321,107
143,322,108
72,323,108
142,324,108
142,325,109
144,326,109
143,327,109
147,328,110
146,329,110
145,330,110
145,331,111
148,332,111
147,333,111
149,334,112
100,335,112
96,336,112
96,337,113
108,338,113
149,339,113
152,340,114
151,341,114
150,342,114
150,343,115
93,344,115
152,345,115
154,346,116
76,347,116
153,348,116
153,349,117
95,350,117
154,351,117
155,352,118
101,353,118
100,354,118
100,355,119
149,356,119
156,357,119
156,358,120
155,359,120
100,360,120
159,361,121
158,362,121
157,363,121
157,364,122
160,365,122
159,366,122
136,367,123
162,368,123
161,369,123
161,370,124
135,371,124
136,372,124
163,373,125
7,374,125
4,375,125
4,376,126
36,377,126
164,378,126
164,379,127
163,380,127
4,381,127
167,382,128
166,383,128
165,384,128
169,385,129
168,386,129
167,387,129
167,388,130
165,389,130
169,390,130
172,391,131
171,392,131
170,393,131
174,394,132
173,395,132
172,396,132
170,397,133
174,398,133
172,399,133
6,400,134
7,401,134
175,402,134
176,403,135
69,404,135
6,405,135
6,406,136
175,407,136
176,408,136
166,409,137
134,410,137
165,411,137
179,412,138
178,413,138
177,414,138
181,415,139
180,416,139
179,417,139
179,418,140
177,419,140
181,420,140
35,421,141
78,422,141
182,423,141
182,424,142
37,425,142
35,426,142
183,427,143
122,428,143
103,429,143
103,430,144
104,431,144
183,432,144
184,433,145
171,434,145
138,435,145
185,436,146
171,437,146
184,438,146
184,439,147
138,440,147
67,441,147
186,442,148
58,443,148
48,444,148
48,445,149
49,446,149
187,447,149
187,448,150
186,449,150
48,450,150
190,451,151
189,452,151
188,453,151
188,454,152
191,455,152
190,456,152
193,457,153
57,458,153
192,459,153
192,460,154
194,461,154
193,462,154
195,463,155
78,464,155
68,465,155
68,466,156
70,467,156
195,468,156
197,469,157
196,470,157
39,471,157
39,472,158
40,473,158
197,474,158
199,475,159
198,476,159
146,477,159
146,478,160
147,479,160
199,480,160
99,481,161
102,482,161
200,483,161
200,484,162
109,485,162
99,486,162
197,487,163
132,488,163
196,489,163
201,490,164
116,491,164
32,492,164
32,493,165
33,494,165
201,495,165
102,496,166
101,497,166
202,498,166
203,499,167
200,500,167
102,501,167
202,502,168
203,503,168
102,504,168
72,505,169
73,506,169
142,507,169
205,508,170
107,509,170
204,510,170
204,511,171
206,512,171
205,513,171
89,514,172
90,515,172
207,516,172
208,517,173
129,518,173
89,519,173
89,520,174
207,521,174
208,522,174
61,523,175
158,524,175
209,525,175
209,526,176
60,527,176
61,528,176
45,529,177
210,530,177
43,531,177
101,532,178
155,533,178
211,534,178
211,535,179
202,536,179
101,537,179
151,538,180
213,539,180
212,540,180
212,541,181
150,542,181
151,543,181
214,544,182
45,545,182
46,546,182
46,547,183
215,548,183
214,549,183
216,550,184
120,551,184
119,552,184
119,553,185
140,554,185
216,555,185
213,556,186
217,557,186
212,558,186
219,559,187
210,560,187
218,561,187
218,562,188
220,563,188
219,564,188
108,565,189
110,566,189
221,567,189
222,568,190
149,569,190
108,570,190
221,571,191
222,572,191
108,573,191
52,574,192
224,575,192
223,576,192
225,577,193
51,578,193
52,579,193
52,580,194
223,581,194
225,582,194
226,583,195
80,584,195
81,585,195
7,586,196
163,587,196
227,588,196
227,589,197
175,590,197
7,591,197
41,592,198
229,593,198
228,594,198
228,595,199
40,596,199
41,597,199
125,598,200
180,599,200
230,600,200
230,601,201
124,602,201
125,603,201
231,604,202
22,605,202
20,606,202
20,607,203
27,608,203
232,609,203
232,610,204
231,611,204
20,612,204
74,613,205
234,614,205
233,615,205
233,616,206
73,617,206
74,618,206
171,619,207
185,620,207
170,621,207
235,622,208
50,623,208
22,624,208
22,625,209
231,626,209
235,627,209
236,628,210
8,629,210
79,630,210
79,631,211
191,632,211
236,633,211
239,634,212
238,635,212
237,636,212
237,637,213
240,638,213
239,639,213
26,640,214
59,641,214
241,642,214
242,643,215
27,644,215
26,645,215
26,646,216
241,647,216
242,648,216
224,649,217
122,650,217
223,651,217
243,652,218
77,653,218
65,654,218
65,655,219
66,656,219
243,657,219
244,658,220
59,659,220
58,660,220
58,661,221
186,662,221
244,663,221
158,664,222
159,665,222
209,666,222
245,667,223
83,668,223
15,669,223
15,670,224
16,671,224
245,672,224
246,673,225
182,674,225
78,675,225
78,676,226
195,677,226
247,678,226
78,679,227
247,680,227
246,681,227
249,682,228
248,683,228
168,684,228
168,685,229
169,686,229
249,687,229
47,688,230
42,689,230
250,690,230
251,691,231
34,692,231
47,693,231
47,694,232
250,695,232
251,696,232
90,697,233
87,698,233
252,699,233
90,700,234
252,701,234
253,702,234
253,703,235
207,704,235
90,705,235
160,706,236
144,707,236
254,708,236
254,709,237
159,710,237
160,711,237
255,712,238
215,713,238
173,714,238
173,715,239
174,716,239
255,717,239
87,718,240
121,719,240
252,720,240
256,721,241
29,722,241
113,723,241
113,724,242
114,725,242
256,726,242
258,727,243
55,728,243
257,729,243
257,730,244
260,731,244
259,732,244
259,733,245
258,734,245
257,735,245
261,736,246
141,737,246
128,738,246
128,739,247
130,740,247
262,741,247
128,742,248
262,743,248
261,744,248
263,745,249
131,746,249
132,747,249
132,748,250
197,749,250
263,750,250
264,751,251
67,752,251
138,753,251
138,754,252
139,755,252
264,756,252
265,757,253
49,758,253
50,759,253
266,760,254
265,761,254
50,762,254
235,763,255
266,764,255
50,765,255
134,766,256
131,767,256
267,768,256
267,769,257
165,770,257
134,771,257
258,772,258
54,773,258
55,774,258
268,775,259
187,776,259
49,777,259
49,778,260
265,779,260
268,780,260
92,781,261
93,782,261
269,783,261
269,784,262
114,785,262
92,786,262
67,787,263
264,788,263
270,789,263
270,790,264
66,791,264
67,792,264
59,793,265
244,794,265
271,795,265
59,796,266
271,797,266
241,798,266
189,799,267
51,800,267
272,801,267
272,802,268
188,803,268
189,804,268
42,805,269
206,806,269
250,807,269
109,808,270
200,809,270
273,810,270
274,811,271
111,812,271
109,813,271
109,814,272
273,815,272
274,816,272
275,817,273
234,818,273
63,819,273
63,820,274
60,821,274
275,822,274
162,823,275
277,824,275
276,825,275
162,826,276
276,827,276
161,828,276
110,829,277
111,830,277
278,831,277
110,832,278
278,833,278
221,834,278
144,835,279
142,836,279
254,837,279
178,838,280
238,839,280
177,840,280
279,841,281
140,842,281
141,843,281
141,844,282
261,845,282
279,846,282
93,847,283
150,848,283
269,849,283
280,850,284
240,851,284
198,852,284
198,853,285
199,854,285
280,855,285
281,856,286
156,857,286
149,858,286
149,859,287
222,860,287
282,861,287
282,862,288
281,863,288
149,864,288
229,865,289
248,866,289
283,867,289
283,868,290
228,869,290
229,870,290
80,871,291
226,872,291
284,873,291
284,874,292
285,875,292
80,876,292
286,877,293
232,878,293
27,879,293
27,880,294
242,881,294
286,882,294
248,883,295
249,884,295
283,885,295
289,886,296
288,887,296
287,888,296
291,889,297
290,890,297
289,891,297
289,892,298
287,893,298
291,894,298
36,895,299
37,896,299
292,897,299
293,898,300
164,899,300
36,900,300
36,901,301
292,902,301
293,903,301
236,904,302
104,905,302
8,906,302
294,907,303
115,908,303
116,909,303
116,910,304
201,911,304
294,912,304
37,913,305
182,914,305
295,915,305
295,916,306
292,917,306
37,918,306
122,919,307
183,920,307
223,921,307
296,922,308
105,923,308
24,924,308
24,925,309
25,926,309
296,927,309
200,928,310
203,929,310
297,930,310
298,931,311
273,932,311
200,933,311
200,934,312
297,935,312
298,936,312
217,937,313
300,938,313
299,939,313
299,940,314
212,941,314
217,942,314
210,943,315
45,944,315
301,945,315
301,946,316
218,947,316
210,948,316
121,949,317
120,950,317
302,951,317
303,952,318
252,953,318
121,954,318
121,955,319
302,956,319
303,957,319
304,958,320
28,959,320
29,960,320
29,961,321
256,962,321
304,963,321
260,964,322
220,965,322
305,966,322
305,967,323
259,968,323
260,969,323
306,970,324
278,971,324
111,972,324
111,973,325
274,974,325
306,975,325
300,976,326
28,977,326
307,978,326
307,979,327
299,980,327
300,981,327
57,982,328
54,983,328
308,984,328
308,985,329
192,986,329
57,987,329
309,988,330
130,989,330
129,990,330
129,991,331
208,992,331
309,993,331
51,994,332
225,995,332
272,996,332
288,997,333
83,998,333
310,999,333
288,1000,334
310,1001,334
287,1002,334
120,1003,335
216,1004,335
311,1005,335
311,1006,336
302,1007,336
120,1008,336
28,1009,337
304,1010,337
307,1011,337
291,1012,338
312,1013,338
290,1014,338
313,1015,339
216,1016,339
140,1017,339
279,1018,340
313,1019,340
140,1020,340
275,1021,341
233,1022,341
234,1023,341
314,1024,342
33,1025,342
34,1026,342
34,1027,343
251,1028,343
314,1029,343
70,1030,344
69,1031,344
315,1032,344
316,1033,345
195,1034,345
70,1035,345
315,1036,346
316,1037,346
70,1038,346
263,1039,347
267,1040,347
131,1041,347
226,1042,348
194,1043,348
317,1044,348
318,1045,349
284,1046,349
226,1047,349
226,1048,350
317,1049,350
318,1050,350
186,1051,351
187,1052,351
319,1053,351
320,1054,352
244,1055,352
186,1056,352
319,1057,353
320,1058,353
186,1059,353
267,1060,354
169,1061,354
165,1062,354
321,1063,355
310,1064,355
83,1065,355
83,1066,356
245,1067,356
321,1068,356
155,1069,357
156,1070,357
322,1071,357
322,1072,358
211,1073,358
155,1074,358
191,1075,359
188,1076,359
323,1077,359
323,1078,360
236,1079,360
191,1080,360
76,1081,361
77,1082,361
324,1083,361
324,1084,362
153,1085,362
76,1086,362
163,1087,363
164,1088,363
325,1089,363
325,1090,364
227,1091,364
163,1092,364
326,1093,365
142,1094,365
73,1095,365
73,1096,366
233,1097,366
326,1098,366
327,1099,367
147,1100,367
148,1101,367
148,1102,368
312,1103,368
327,1104,368
69,1105,369
176,1106,369
328,1107,369
328,1108,370
315,1109,370
69,1110,370
60,1111,371
209,1112,371
329,1113,371
329,1114,372
275,1115,372
60,1116,372
277,1117,373
118,1118,373
330,1119,373
330,1120,374
276,1121,374
277,1122,374
182,1123,375
246,1124,375
331,1125,375
331,1126,376
295,1127,376
182,1128,376
332,1129,377
197,1130,377
40,1131,377
40,1132,378
228,1133,378
332,1134,378
45,1135,379
214,1136,379
333,1137,379
333,1138,380
301,1139,380
45,1140,380
187,1141,381
268,1142,381
334,1143,381
334,1144,382
319,1145,382
187,1146,382
335,1147,383
209,1148,383
159,1149,383
159,1150,384
254,1151,384
335,1152,384
180,1153,385
181,1154,385
336,1155,385
336,1156,386
230,1157,386
180,1158,386
337,1159,387
247,1160,387
195,1161,387
316,1162,388
337,1163,388
195,1164,388
326,1165,389
254,1166,389
142,1167,389
185,1168,390
339,1169,390
338,1170,390
340,1171,391
170,1172,391
185,1173,391
338,1174,392
340,1175,392
185,1176,392
341,1177,393
271,1178,393
244,1179,393
244,1180,394
320,1181,394
341,1182,394
150,1183,395
212,1184,395
342,1185,395
342,1186,396
269,1187,396
150,1188,396
344,1189,397
343,1190,397
285,1191,397
285,1192,398
284,1193,398
345,1194,398
345,1195,399
344,1196,399
285,1197,399
346,1198,400
246,1199,400
247,1200,400
247,1201,401
337,1202,401
346,1203,401
347,1204,402
183,1205,402
104,1206,402
104,1207,403
236,1208,403
347,1209,403
107,1210,404
105,1211,404
348,1212,404
349,1213,405
204,1214,405
107,1215,405
348,1216,406
349,1217,406
107,1218,406
350,1219,407
253,1220,407
252,1221,407
351,1222,408
350,1223,408
252,1224,408
252,1225,409
303,1226,409
351,1227,409
212,1228,410
299,1229,410
342,1230,410
352,1231,411
250,1232,411
206,1233,411
206,1234,412
204,1235,412
353,1236,412
353,1237,413
352,1238,413
206,1239,413
203,1240,414
202,1241,414
354,1242,414
355,1243,415
297,1244,415
203,1245,415
354,1246,416
355,1247,416
203,1248,416
332,1249,417
263,1250,417
197,1251,417
339,1252,418
343,1253,418
356,1254,418
339,1255,419
356,1256,419
338,1257,419
207,1258,420
253,1259,420
357,1260,420
358,1261,421
208,1262,421
207,1263,421
207,1264,422
357,1265,422
358,1266,422
114,1267,423
269,1268,423
359,1269,423
359,1270,424
256,1271,424
114,1272,424
194,1273,425
192,1274,425
360,1275,425
360,1276,426
317,1277,426
194,1278,426
361,1279,427
262,1280,427
130,1281,427
130,1282,428
309,1283,428
361,1284,428
169,1285,429
267,1286,429
362,1287,429
362,1288,430
249,1289,430
169,1290,430
363,1291,431
16,1292,431
12,1293,431
12,1294,432
94,1295,432
363,1296,432
364,1297,433
311,1298,433
216,1299,433
313,1300,434
364,1301,434
216,1302,434
365,1303,435
223,1304,435
183,1305,435
183,1306,436
347,1307,436
365,1308,436
366,1309,437
214,1310,437
215,1311,437
215,1312,438
255,1313,438
366,1314,438
367,1315,439
235,1316,439
231,1317,439
231,1318,440
232,1319,440
368,1320,440
368,1321,441
367,1322,441
231,1323,441
209,1324,442
335,1325,442
369,1326,442
369,1327,443
329,1328,443
209,1329,443
220,1330,444
218,1331,444
370,1332,444
370,1333,445
305,1334,445
220,1335,445
175,1336,446
227,1337,446
371,1338,446
371,1339,447
176,1340,447
175,1341,447
188,1342,448
272,1343,448
372,1344,448
372,1345,449
323,1346,449
188,1347,449
373,1348,450
177,1349,450
238,1350,450
238,1351,451
239,1352,451
374,1353,451
374,1354,452
373,1355,452
238,1356,452
164,1357,453
293,1358,453
375,1359,453
375,1360,454
325,1361,454
164,1362,454
365,1363,455
225,1364,455
223,1365,455
376,1366,456
239,1367,456
240,1368,456
240,1369,457
280,1370,457
376,1371,457
265,1372,458
266,1373,458
377,1374,458
378,1375,459
268,1376,459
265,1377,459
265,1378,460
377,1379,460
379,1380,460
265,1381,461
379,1382,461
378,1383,461
380,1384,462
335,1385,462
254,1386,462
254,1387,463
326,1388,463
380,1389,463
343,1390,464
344,1391,464
381,1392,464
381,1393,465
356,1394,465
343,1395,465
253,1396,466
350,1397,466
382,1398,466
253,1399,467
382,1400,467
357,1401,467
236,1402,468
323,1403,468
347,1404,468
77,1405,469
243,1406,469
383,1407,469
383,1408,470
324,1409,470
77,1410,470
384,1411,471
274,1412,471
273,1413,471
273,1414,472
298,1415,472
385,1416,472
273,1417,473
385,1418,473
384,1419,473
386,1420,474
272,1421,474
225,1422,474
225,1423,475
365,1424,475
386,1425,475
118,1426,476
115,1427,476
387,1428,476
387,1429,477
330,1430,477
118,1431,477
202,1432,478
211,1433,478
388,1434,478
388,1435,479
354,1436,479
202,1437,479
267,1438,480
263,1439,480
389,1440,480
389,1441,481
362,1442,481
267,1443,481
54,1444,482
258,1445,482
373,1446,482
373,1447,483
308,1448,483
54,1449,483
156,1450,484
281,1451,484
390,1452,484
390,1453,485
322,1454,485
156,1455,485
269,1456,486
342,1457,486
359,1458,486
95,1459,487
153,1460,487
391,1461,487
391,1462,488
94,1463,488
95,1464,488
222,1465,489
221,1466,489
392,1467,489
392,1468,490
282,1469,490
222,1470,490
228,1471,491
283,1472,491
393,1473,491
393,1474,492
332,1475,492
228,1476,492
394,1477,493
139,1478,493
135,1479,493
135,1480,494
161,1481,494
394,1482,494
266,1483,495
235,1484,495
395,1485,495
395,1486,496
377,1487,496
266,1488,496
233,1489,497
275,1490,497
396,1491,497
397,1492,498
326,1493,498
233,1494,498
233,1495,499
396,1496,499
397,1497,499
174,1498,500
170,1499,500
398,1500,500
399,1501,501
255,1502,501
174,1503,501
174,1504,502
398,1505,502
399,1506,502
292,1507,503
295,1508,503
400,1509,503
401,1510,504
293,1511,504
292,1512,504
402,1513,505
401,1514,505
292,1515,505
400,1516,506
402,1517,506
292,1518,506
403,1519,507
283,1520,507
249,1521,507
249,1522,508
362,1523,508
403,1524,508
170,1525,509
340,1526,509
404,1527,509
404,1528,510
398,1529,510
170,1530,510
246,1531,511
346,1532,511
405,1533,511
405,1534,512
331,1535,512
246,1536,512
263,1537,513
332,1538,513
389,1539,513
105,1540,514
296,1541,514
348,1542,514
406,1543,515
298,1544,515
297,1545,515
355,1546,516
406,1547,516
297,1548,516
275,1549,517
329,1550,517
396,1551,517
25,1552,518
127,1553,518
407,1554,518
407,1555,519
296,1556,519
25,1557,519
408,1558,520
221,1559,520
278,1560,520
278,1561,521
306,1562,521
409,1563,521
278,1564,522
409,1565,522
408,1566,522
410,1567,523
304,1568,523
256,1569,523
256,1570,524
359,1571,524
410,1572,524
127,1573,525
124,1574,525
411,1575,525
127,1576,526
411,1577,526
407,1578,526
221,1579,527
408,1580,527
412,1581,527
412,1582,528
392,1583,528
221,1584,528
299,1585,529
307,1586,529
413,1587,529
413,1588,530
342,1589,530
299,1590,530
404,1591,531
264,1592,531
139,1593,531
139,1594,532
394,1595,532
404,1596,532
235,1597,533
367,1598,533
414,1599,533
414,1600,534
395,1601,534
235,1602,534
380,1603,535
369,1604,535
335,1605,535
415,1606,536
181,1607,536
177,1608,536
177,1609,537
373,1610,537
415,1611,537
268,1612,538
378,1613,538
416,1614,538
416,1615,539
334,1616,539
268,1617,539
386,1618,540
372,1619,540
272,1620,540
258,1621,541
259,1622,541
415,1623,541
415,1624,542
373,1625,542
258,1626,542
295,1627,543
331,1628,543
417,1629,543
417,1630,544
400,1631,544
295,1632,544
418,1633,545
393,1634,545
283,1635,545
283,1636,546
403,1637,546
418,1638,546
340,1639,547
270,1640,547
264,1641,547
404,1642,548
340,1643,548
264,1644,548
419,1645,549
241,1646,549
271,1647,549
271,1648,550
341,1649,550
420,1650,550
271,1651,551
420,1652,551
419,1653,551
397,1654,552
380,1655,552
326,1656,552
115,1657,553
294,1658,553
387,1659,553
421,1660,554
306,1661,554
274,1662,554
274,1663,555
384,1664,555
421,1665,555
422,1666,556
307,1667,556
304,1668,556
304,1669,557
410,1670,557
422,1671,557
423,1672,558
201,1673,558
33,1674,558
33,1675,559
314,1676,559
423,1677,559
302,1678,560
311,1679,560
424,1680,560
425,1681,561
303,1682,561
302,1683,561
302,1684,562
424,1685,562
425,1686,562
422,1687,563
413,1688,563
307,1689,563
333,1690,564
251,1691,564
250,1692,564
250,1693,565
352,1694,565
333,1695,565
311,1696,566
364,1697,566
426,1698,566
426,1699,567
424,1700,567
311,1701,567
427,1702,568
347,1703,568
323,1704,568
323,1705,569
372,1706,569
427,1707,569
66,1708,570
270,1709,570
428,1710,570
428,1711,571
243,1712,571
66,1713,571
232,1714,572
286,1715,572
429,1716,572
429,1717,573
368,1718,573
232,1719,573
430,1720,574
359,1721,574
342,1722,574
342,1723,575
413,1724,575
430,1725,575
284,1726,576
321,1727,576
345,1728,576
318,1729,577
321,1730,577
284,1731,577
293,1732,578
401,1733,578
431,1734,578
431,1735,579
375,1736,579
293,1737,579
329,1738,580
369,1739,580
432,1740,580
432,1741,581
396,1742,581
329,1743,581
433,1744,582
199,1745,582
147,1746,582
147,1747,583
327,1748,583
433,1749,583
434,1750,584
242,1751,584
241,1752,584
241,1753,585
419,1754,585
434,1755,585
435,1756,586
389,1757,586
332,1758,586
332,1759,587
393,1760,587
435,1761,587
436,1762,588
245,1763,588
16,1764,588
16,1765,589
363,1766,589
436,1767,589
437,1768,590
341,1769,590
320,1770,590
320,1771,591
319,1772,591
438,1773,591
438,1774,592
437,1775,592
320,1776,592
439,1777,593
365,1778,593
347,1779,593
347,1780,594
427,1781,594
439,1782,594
312,1783,595
291,1784,595
440,1785,595
440,1786,596
327,1787,596
312,1788,596
406,1789,597
437,1790,597
298,1791,597
298,1792,598
437,1793,598
441,1794,598
441,1795,599
385,1796,599
298,1797,599
362,1798,600
389,1799,600
442,1800,600
442,1801,601
403,1802,601
362,1803,601
423,1804,602
294,1805,602
201,1806,602
443,1807,603
309,1808,603
208,1809,603
208,1810,604
358,1811,604
443,1812,604
439,1813,605
386,1814,605
365,1815,605
204,1816,606
349,1817,606
353,1818,606
444,1819,607
409,1820,607
306,1821,607
306,1822,608
421,1823,608
444,1824,608
445,1825,609
410,1826,609
359,1827,609
359,1828,610
430,1829,610
445,1830,610
124,1831,611
230,1832,611
446,1833,611
446,1834,612
411,1835,612
124,1836,612
447,1837,613
286,1838,613
242,1839,613
242,1840,614
434,1841,614
447,1842,614
369,1843,615
380,1844,615
448,1845,615
448,1846,616
432,1847,616
369,1848,616
218,1849,617
301,1850,617
449,1851,617
449,1852,618
370,1853,618
218,1854,618
450,1855,619
346,1856,619
337,1857,619
337,1858,620
316,1859,620
451,1860,620
451,1861,621
450,1862,621
337,1863,621
389,1864,622
435,1865,622
442,1866,622
192,1867,623
308,1868,623
452,1869,623
452,1870,624
360,1871,624
192,1872,624
341,1873,625
437,1874,625
453,1875,625
341,1876,626
453,1877,626
420,1878,626
380,1879,627
397,1880,627
454,1881,627
454,1882,628
448,1883,628
380,1884,628
455,1885,629
333,1886,629
214,1887,629
214,1888,630
366,1889,630
455,1890,630
456,1891,631
382,1892,631
350,1893,631
350,1894,632
351,1895,632
457,1896,632
457,1897,633
456,1898,633
350,1899,633
413,1900,634
422,1901,634
458,1902,634
458,1903,635
430,1904,635
413,1905,635
459,1906,636
336,1907,636
181,1908,636
181,1909,637
415,1910,637
459,1911,637
460,1912,638
351,1913,638
303,1914,638
303,1915,639
425,1916,639
460,1917,639
372,1918,640
386,1919,640
461,1920,640
462,1921,641
427,1922,641
372,1923,641
372,1924,642
461,1925,642
462,1926,642
463,1927,643
280,1928,643
199,1929,643
199,1930,644
433,1931,644
463,1932,644
464,1933,645
261,1934,645
262,1935,645
262,1936,646
361,1937,646
464,1938,646
393,1939,647
418,1940,647
465,1941,647
465,1942,648
435,1943,648
393,1944,648
466,1945,649
287,1946,649
310,1947,649
310,1948,650
321,1949,650
318,1950,650
310,1951,651
318,1952,651
466,1953,651
467,1954,652
279,1955,652
261,1956,652
261,1957,653
464,1958,653
467,1959,653
468,1960,654
397,1961,654
396,1962,654
396,1963,655
432,1964,655
469,1965,655
469,1966,656
468,1967,656
396,1968,656
153,1969,657
324,1970,657
470,1971,657
470,1972,658
391,1973,658
153,1974,658
227,1975,659
325,1976,659
471,1977,659
471,1978,660
371,1979,660
227,1980,660
468,1981,661
454,1982,661
397,1983,661
472,1984,662
363,1985,662
94,1986,662
94,1987,663
391,1988,663
472,1989,663
473,1990,664
328,1991,664
176,1992,664
176,1993,665
371,1994,665
473,1995,665
386,1996,666
439,1997,666
474,1998,666
474,1999,667
461,2000,667
386,2001,667
259,2002,668
305,2003,668
475,2004,668
475,2005,669
415,2006,669
259,2007,669
476,2008,670
379,2009,670
377,2010,670
477,2011,671
476,2012,671
377,2013,671
377,2014,672
395,2015,672
477,2016,672
478,2017,673
418,2018,673
403,2019,673
403,2020,674
442,2021,674
478,2022,674
345,2023,675
321,2024,675
245,2025,675
436,2026,676
345,2027,676
245,2028,676
319,2029,677
334,2030,677
479,2031,677
479,2032,678
438,2033,678
319,2034,678
480,2035,679
422,2036,679
410,2037,679
410,2038,680
445,2039,680
480,2040,680
251,2041,681
333,2042,681
455,2043,681
455,2044,682
314,2045,682
251,2046,682
346,2047,683
450,2048,683
456,2049,683
346,2050,684
456,2051,684
481,2052,684
481,2053,685
405,2054,685
346,2055,685
482,2056,686
458,2057,686
422,2058,686
422,2059,687
480,2060,687
482,2061,687
483,2062,688
366,2063,688
255,2064,688
255,2065,689
399,2066,689
483,2067,689
484,2068,690
357,2069,690
382,2070,690
456,2071,691
450,2072,691
382,2073,691
382,2074,692
450,2075,692
484,2076,692
485,2077,693
439,2078,693
427,2079,693
427,2080,694
462,2081,694
486,2082,694
486,2083,695
485,2084,695
427,2085,695
487,2086,696
318,2087,696
317,2088,696
317,2089,697
360,2090,697
487,2091,697
488,2092,698
358,2093,698
357,2094,698
357,2095,699
484,2096,699
488,2097,699
489,2098,700
474,2099,700
439,2100,700
439,2101,701
485,2102,701
489,2103,701
490,2104,702
291,2105,702
287,2106,702
287,2107,703
466,2108,703
490,2109,703
211,2110,704
322,2111,704
491,2112,704
491,2113,705
388,2114,705
211,2115,705
492,2116,706
445,2117,706
430,2118,706
430,2119,707
458,2120,707
493,2121,707
430,2122,708
493,2123,708
492,2124,708
494,2125,709
161,2126,709
276,2127,709
276,2128,710
330,2129,710
494,2130,710
281,2131,711
282,2132,711
495,2133,711
495,2134,712
390,2135,712
281,2136,712
432,2137,713
448,2138,713
496,2139,713
496,2140,714
469,2141,714
432,2142,714
333,2143,715
352,2144,715
301,2145,715
301,2146,716
352,2147,716
449,2148,716
401,2149,717
402,2150,717
476,2151,717
401,2152,718
476,2153,718
497,2154,718
497,2155,719
431,2156,719
401,2157,719
498,2158,720
465,2159,720
418,2160,720
418,2161,721
478,2162,721
498,2163,721
230,2164,722
336,2165,722
499,2166,722
499,2167,723
446,2168,723
230,2169,723
500,2170,724
378,2171,724
379,2172,724
379,2173,725
402,2174,725
500,2175,725
476,2176,726
402,2177,726
379,2178,726
501,2179,727
442,2180,727
435,2181,727
435,2182,728
465,2183,728
502,2184,728
503,2185,729
501,2186,729
435,2187,729
435,2188,730
502,2189,730
503,2190,730
504,2191,731
394,2192,731
161,2193,731
161,2194,732
494,2195,732
504,2196,732
378,2197,733
500,2198,733
505,2199,733
505,2200,734
416,2201,734
378,2202,734
506,2203,735
478,2204,735
442,2205,735
442,2206,736
501,2207,736
506,2208,736
507,2209,737
374,2210,737
239,2211,737
239,2212,738
376,2213,738
507,2214,738
331,2215,739
405,2216,739
508,2217,739
508,2218,740
417,2219,740
331,2220,740
448,2221,741
454,2222,741
509,2223,741
510,2224,742
496,2225,742
448,2226,742
448,2227,743
509,2228,743
510,2229,743
463,2230,744
376,2231,744
280,2232,744
511,2233,745
408,2234,745
409,2235,745
409,2236,746
424,2237,746
426,2238,746
444,2239,747
424,2240,747
409,2241,747
409,2242,748
426,2243,748
511,2244,748
512,2245,749
462,2246,749
461,2247,749
461,2248,750
474,2249,750
513,2250,750
513,2251,751
512,2252,751
461,2253,751
490,2254,752
440,2255,752
291,2256,752
408,2257,753
511,2258,753
514,2259,753
514,2260,754
412,2261,754
408,2262,754
454,2263,755
468,2264,755
515,2265,755
516,2266,756
509,2267,756
454,2268,756
454,2269,757
515,2270,757
516,2271,757
270,2272,758
340,2273,758
338,2274,758
270,2275,759
338,2276,759
428,2277,759
364,2278,760
313,2279,760
517,2280,760
518,2281,761
426,2282,761
364,2283,761
517,2284,762
518,2285,762
364,2286,762
519,2287,763
480,2288,763
445,2289,763
445,2290,764
492,2291,764
519,2292,764
520,2293,765
383,2294,765
243,2295,765
243,2296,766
428,2297,766
520,2298,766
313,2299,767
279,2300,767
521,2301,767
521,2302,768
517,2303,768
313,2304,768
468,2305,769
469,2306,769
522,2307,769
522,2308,770
515,2309,770
468,2310,770
344,2311,771
345,2312,771
523,2313,771
523,2314,772
381,2315,772
344,2316,772
467,2317,773
521,2318,773
279,2319,773
458,2320,774
482,2321,774
524,2322,774
524,2323,775
493,2324,775
458,2325,775
324,2326,776
383,2327,776
525,2328,776
525,2329,777
470,2330,777
324,2331,777
402,2332,778
400,2333,778
500,2334,778
526,2335,779
486,2336,779
462,2337,779
462,2338,780
512,2339,780
526,2340,780
527,2341,781
387,2342,781
294,2343,781
294,2344,782
423,2345,782
527,2346,782
528,2347,783
500,2348,783
400,2349,783
400,2350,784
417,2351,784
529,2352,784
529,2353,785
528,2354,785
400,2355,785
474,2356,786
489,2357,786
530,2358,786
530,2359,787
513,2360,787
474,2361,787
531,2362,788
348,2363,788
296,2364,788
296,2365,789
407,2366,789
531,2367,789
316,2368,790
315,2369,790
532,2370,790
533,2371,791
451,2372,791
316,2373,791
316,2374,792
532,2375,792
533,2376,792
465,2377,793
498,2378,793
534,2379,793
534,2380,794
502,2381,794
465,2382,794
305,2383,795
370,2384,795
535,2385,795
535,2386,796
475,2387,796
305,2388,796
424,2389,797
444,2390,797
536,2391,797
536,2392,798
425,2393,798
424,2394,798
469,2395,799
496,2396,799
537,2397,799
537,2398,800
522,2399,800
469,2400,800
447,2401,801
429,2402,801
286,2403,801
538,2404,802
498,2405,802
478,2406,802
478,2407,803
506,2408,803
539,2409,803
539,2410,804
538,2411,804
478,2412,804
315,2413,805
328,2414,805
540,2415,805
540,2416,806
532,2417,806
315,2418,806
485,2419,807
486,2420,807
541,2421,807
542,2422,808
489,2423,808
485,2424,808
485,2425,809
541,2426,809
542,2427,809
352,2428,810
353,2429,810
449,2430,810
334,2431,811
416,2432,811
543,2433,811
543,2434,812
479,2435,812
334,2436,812
544,2437,813
482,2438,813
480,2439,813
480,2440,814
519,2441,814
545,2442,814
545,2443,815
544,2444,815
480,2445,815
336,2446,816
459,2447,816
499,2448,816
450,2449,817
451,2450,817
546,2451,817
546,2452,818
484,2453,818
450,2454,818
547,2455,819
506,2456,819
501,2457,819
501,2458,820
503,2459,820
548,2460,820
548,2461,821
547,2462,821
501,2463,821
308,2464,822
373,2465,822
374,2466,822
308,2467,823
374,2468,823
507,2469,823
507,2470,824
452,2471,824
308,2472,824
437,2473,825
406,2474,825
453,2475,825
438,2476,826
441,2477,826
437,2478,826
549,2479,827
524,2480,827
482,2481,827
482,2482,828
544,2483,828
549,2484,828
550,2485,829
338,2486,829
356,2487,829
356,2488,830
381,2489,830
550,2490,830
406,2491,831
355,2492,831
551,2493,831
552,2494,832
453,2495,832
406,2496,832
551,2497,833
552,2498,833
406,2499,833
486,2500,834
526,2501,834
553,2502,834
553,2503,835
541,2504,835
486,2505,835
554,2506,836
384,2507,836
385,2508,836
385,2509,837
441,2510,837
555,2511,837
385,2512,838
555,2513,838
554,2514,838
556,2515,839
492,2516,839
493,2517,839
493,2518,840
524,2519,840
557,2520,840
557,2521,841
556,2522,841
493,2523,841
345,2524,842
436,2525,842
523,2526,842
558,2527,843
457,2528,843
351,2529,843
351,2530,844
460,2531,844
558,2532,844
559,2533,845
530,2534,845
489,2535,845
489,2536,846
542,2537,846
559,2538,846
487,2539,847
466,2540,847
318,2541,847
355,2542,848
354,2543,848
560,2544,848
560,2545,849
551,2546,849
355,2547,849
496,2548,850
510,2549,850
561,2550,850
562,2551,851
537,2552,851
496,2553,851
496,2554,852
561,2555,852
562,2556,852
327,2557,853
440,2558,853
563,2559,853
563,2560,854
433,2561,854
327,2562,854
564,2563,855
511,2564,855
426,2565,855
426,2566,856
518,2567,856
564,2568,856
565,2569,857
534,2570,857
498,2571,857
498,2572,858
538,2573,858
565,2574,858
349,2575,859
348,2576,859
566,2577,859
567,2578,860
353,2579,860
349,2580,860
566,2581,861
567,2582,861
349,2583,861
282,2584,862
392,2585,862
568,2586,862
568,2587,863
495,2588,863
282,2589,863
569,2590,864
510,2591,864
509,2592,864
509,2593,865
516,2594,865
570,2595,865
570,2596,866
569,2597,866
509,2598,866
330,2599,867
387,2600,867
571,2601,867
571,2602,868
494,2603,868
330,2604,868
457,2605,869
481,2606,869
456,2607,869
572,2608,870
503,2609,870
502,2610,870
502,2611,871
534,2612,871
573,2613,871
573,2614,872
572,2615,872
502,2616,872
398,2617,873
404,2618,873
574,2619,873
574,2620,874
399,2621,874
398,2622,874
575,2623,875
421,2624,875
384,2625,875
384,2626,876
554,2627,876
575,2628,876
576,2629,877
539,2630,877
506,2631,877
506,2632,878
547,2633,878
576,2634,878
354,2635,879
388,2636,879
560,2637,879
577,2638,880
519,2639,880
492,2640,880
492,2641,881
556,2642,881
578,2643,881
578,2644,882
577,2645,882
492,2646,882
550,2647,883
428,2648,883
338,2649,883
579,2650,884
361,2651,884
309,2652,884
309,2653,885
443,2654,885
579,2655,885
503,2656,886
572,2657,886
580,2658,886
580,2659,887
548,2660,887
503,2661,887
360,2662,888
452,2663,888
581,2664,888
581,2665,889
487,2666,889
360,2667,889
500,2668,890
528,2669,890
505,2670,890
515,2671,891
522,2672,891
582,2673,891
583,2674,892
516,2675,892
515,2676,892
582,2677,893
583,2678,893
515,2679,893
348,2680,894
531,2681,894
566,2682,894
405,2683,895
481,2684,895
584,2685,895
584,2686,896
508,2687,896
405,2688,896
512,2689,897
513,2690,897
585,2691,897
586,2692,898
526,2693,898
512,2694,898
585,2695,899
586,2696,899
512,2697,899
587,2698,900
423,2699,900
314,2700,900
314,2701,901
455,2702,901
588,2703,901
314,2704,902
588,2705,902
587,2706,902
441,2707,903
438,2708,903
589,2709,903
589,2710,904
555,2711,904
441,2712,904
590,2713,905
561,2714,905
510,2715,905
510,2716,906
569,2717,906
590,2718,906
567,2719,907
449,2720,907
353,2721,907
591,2722,908
444,2723,908
421,2724,908
421,2725,909
575,2726,909
591,2727,909
513,2728,910
530,2729,910
592,2730,910
592,2731,911
585,2732,911
513,2733,911
593,2734,912
407,2735,912
411,2736,912
411,2737,913
446,2738,913
593,2739,913
511,2740,914
564,2741,914
514,2742,914
522,2743,915
537,2744,915
594,2745,915
594,2746,916
582,2747,916
522,2748,916
588,2749,917
455,2750,917
366,2751,917
366,2752,918
483,2753,918
588,2754,918
367,2755,919
368,2756,919
595,2757,919
595,2758,920
414,2759,920
367,2760,920
596,2761,921
545,2762,921
519,2763,921
519,2764,922
577,2765,922
596,2766,922
370,2767,923
449,2768,923
597,2769,923
597,2770,924
535,2771,924
370,2772,924
325,2773,925
375,2774,925
598,2775,925
598,2776,926
471,2777,926
325,2778,926
524,2779,927
549,2780,927
599,2781,927
599,2782,928
557,2783,928
524,2784,928
574,2785,929
404,2786,929
394,2787,929
504,2788,930
574,2789,930
394,2790,930
476,2791,931
477,2792,931
600,2793,931
600,2794,932
497,2795,932
476,2796,932
601,2797,933
570,2798,933
516,2799,933
516,2800,934
583,2801,934
601,2802,934
602,2803,935
436,2804,935
363,2805,935
363,2806,936
472,2807,936
602,2808,936
438,2809,937
479,2810,937
603,2811,937
603,2812,938
589,2813,938
438,2814,938
604,2815,939
553,2816,939
526,2817,939
526,2818,940
586,2819,940
604,2820,940
391,2821,941
470,2822,941
605,2823,941
605,2824,942
472,2825,942
391,2826,942
606,2827,943
420,2828,943
453,2829,943
453,2830,944
552,2831,944
606,2832,944
534,2833,945
565,2834,945
607,2835,945
607,2836,946
573,2837,946
534,2838,946
387,2839,947
527,2840,947
571,2841,947
608,2842,948
443,2843,948
358,2844,948
358,2845,949
488,2846,949
608,2847,949
609,2848,950
542,2849,950
541,2850,950
541,2851,951
553,2852,951
609,2853,951
610,2854,952
536,2855,952
444,2856,952
444,2857,953
591,2858,953
610,2859,953
530,2860,954
559,2861,954
611,2862,954
611,2863,955
592,2864,955
530,2865,955
322,2866,956
390,2867,956
612,2868,956
612,2869,957
491,2870,957
322,2871,957
537,2872,958
562,2873,958
613,2874,958
613,2875,959
594,2876,959
537,2877,959
593,2878,960
531,2879,960
407,2880,960
392,2881,961
412,2882,961
614,2883,961
614,2884,962
568,2885,962
392,2886,962
538,2887,963
539,2888,963
615,2889,963
616,2890,964
565,2891,964
538,2892,964
615,2893,965
616,2894,965
538,2895,965
415,2896,966
475,2897,966
459,2898,966
395,2899,967
414,2900,967
617,2901,967
617,2902,968
477,2903,968
395,2904,968
618,2905,969
549,2906,969
544,2907,969
544,2908,970
545,2909,970
619,2910,970
544,2911,971
619,2912,971
618,2913,971
376,2914,972
463,2915,972
620,2916,972
620,2917,973
507,2918,973
376,2919,973
417,2920,974
508,2921,974
621,2922,974
621,2923,975
529,2924,975
417,2925,975
622,2926,976
599,2927,976
549,2928,976
549,2929,977
618,2930,977
622,2931,977
383,2932,978
520,2933,978
525,2934,978
623,2935,979
460,2936,979
425,2937,979
425,2938,980
536,2939,980
623,2940,980
624,2941,981
562,2942,981
561,2943,981
561,2944,982
590,2945,982
625,2946,982
561,2947,983
625,2948,983
624,2949,983
626,2950,984
527,2951,984
423,2952,984
423,2953,985
587,2954,985
626,2955,985
368,2956,986
429,2957,986
627,2958,986
627,2959,987
595,2960,987
368,2961,987
569,2962,988
570,2963,988
628,2964,988
628,2965,989
590,2966,989
569,2967,989
629,2968,990
483,2969,990
399,2970,990
399,2971,991
574,2972,991
629,2973,991
375,2974,992
431,2975,992
630,2976,992
630,2977,993
598,2978,993
375,2979,993
539,2980,994
576,2981,994
631,2982,994
631,2983,995
615,2984,995
539,2985,995
381,2986,996
523,2987,996
632,2988,996
632,2989,997
550,2990,997
381,2991,997
328,2992,998
473,2993,998
633,2994,998
633,2995,999
540,2996,999
328,2997,999
547,2998,1000
548,2999,1000
634,3000,1000
635,3001,1001
576,3002,1001
547,3003,1001
547,3004,1002
634,3005,1002
635,3006,1002
470,3007,1003
525,3008,1003
605,3009,1003
416,3010,1004
505,3011,1004
636,3012,1004
636,3013,1005
543,3014,1005
416,3015,1005
556,3016,1006
557,3017,1006
637,3018,1006
638,3019,1007
578,3020,1007
556,3021,1007
556,3022,1008
637,3023,1008
638,3024,1008
440,3025,1009
490,3026,1009
639,3027,1009
639,3028,1010
563,3029,1010
440,3030,1010
640,3031,1011
419,3032,1011
420,3033,1011
420,3034,1012
606,3035,1012
640,3036,1012
641,3037,1013
559,3038,1013
542,3039,1013
542,3040,1014
609,3041,1014
642,3042,1014
642,3043,1015
641,3044,1015
542,3045,1015
481,3046,1016
457,3047,1016
643,3048,1016
481,3049,1017
643,3050,1017
644,3051,1017
644,3052,1018
584,3053,1018
481,3054,1018
557,3055,1019
599,3056,1019
645,3057,1019
645,3058,1020
637,3059,1020
557,3060,1020
567,3061,1021
597,3062,1021
449,3063,1021
646,3064,1022
473,3065,1022
371,3066,1022
371,3067,1023
471,3068,1023
646,3069,1023
572,3070,1024
573,3071,1024
647,3072,1024
648,3073,1025
580,3074,1025
572,3075,1025
647,3076,1026
648,3077,1026
572,3078,1026
428,3079,1027
550,3080,1027
520,3081,1027
649,3082,1028
546,3083,1028
451,3084,1028
451,3085,1029
533,3086,1029
649,3087,1029
548,3088,1030
580,3089,1030
650,3090,1030
650,3091,1031
634,3092,1031
548,3093,1031
452,3094,1032
507,3095,1032
651,3096,1032
651,3097,1033
581,3098,1033
452,3099,1033
484,3100,1034
546,3101,1034
652,3102,1034
652,3103,1035
488,3104,1035
484,3105,1035
545,3106,1036
596,3107,1036
653,3108,1036
653,3109,1037
619,3110,1037
545,3111,1037
654,3112,1038
463,3113,1038
433,3114,1038
433,3115,1039
563,3116,1039
654,3117,1039
655,3118,1040
464,3119,1040
361,3120,1040
361,3121,1041
579,3122,1041
655,3123,1041
656,3124,1042
613,3125,1042
562,3126,1042
562,3127,1043
624,3128,1043
656,3129,1043
602,3130,1044
523,3131,1044
436,3132,1044
657,3133,1045
434,3134,1045
419,3135,1045
640,3136,1046
657,3137,1046
419,3138,1046
577,3139,1047
578,3140,1047
658,3141,1047
659,3142,1048
596,3143,1048
577,3144,1048
577,3145,1049
658,3146,1049
659,3147,1049
660,3148,1050
490,3149,1050
466,3150,1050
466,3151,1051
487,3152,1051
660,3153,1051
661,3154,1052
643,3155,1052
457,3156,1052
457,3157,1053
558,3158,1053
661,3159,1053
662,3160,1054
611,3161,1054
559,3162,1054
559,3163,1055
641,3164,1055
662,3165,1055
446,3166,1056
499,3167,1056
663,3168,1056
663,3169,1057
593,3170,1057
446,3171,1057
388,3172,1058
491,3173,1058
664,3174,1058
664,3175,1059
560,3176,1059
388,3177,1059
565,3178,1060
616,3179,1060
665,3180,1060
665,3181,1061
607,3182,1061
565,3183,1061
666,3184,1062
459,3185,1062
475,3186,1062
475,3187,1063
535,3188,1063
666,3189,1063
412,3190,1064
514,3191,1064
667,3192,1064
667,3193,1065
614,3194,1065
412,3195,1065
553,3196,1066
604,3197,1066
668,3198,1066
669,3199,1067
609,3200,1067
553,3201,1067
668,3202,1068
669,3203,1068
553,3204,1068
654,3205,1069
620,3206,1069
463,3207,1069
390,3208,1070
495,3209,1070
670,3210,1070
670,3211,1071
612,3212,1071
390,3213,1071
586,3214,1072
585,3215,1072
671,3216,1072
672,3217,1073
604,3218,1073
586,3219,1073
586,3220,1074
671,3221,1074
672,3222,1074
490,3223,1075
660,3224,1075
639,3225,1075
431,3226,1076
497,3227,1076
673,3228,1076
673,3229,1077
630,3230,1077
431,3231,1077
585,3232,1078
592,3233,1078
674,3234,1078
674,3235,1079
671,3236,1079
585,3237,1079
666,3238,1080
499,3239,1080
459,3240,1080
675,3241,1081
447,3242,1081
434,3243,1081
434,3244,1082
657,3245,1082
675,3246,1082
570,3247,1083
601,3248,1083
676,3249,1083
677,3250,1084
628,3251,1084
570,3252,1084
570,3253,1085
676,3254,1085
677,3255,1085
487,3256,1086
581,3257,1086
660,3258,1086
678,3259,1087
558,3260,1087
460,3261,1087
460,3262,1088
623,3263,1088
678,3264,1088
583,3265,1089
582,3266,1089
679,3267,1089
680,3268,1090
601,3269,1090
583,3270,1090
679,3271,1091
680,3272,1091
583,3273,1091
681,3274,1092
588,3275,1092
483,3276,1092
483,3277,1093
629,3278,1093
681,3279,1093
479,3280,1094
543,3281,1094
682,3282,1094
682,3283,1095
603,3284,1095
479,3285,1095
573,3286,1096
607,3287,1096
683,3288,1096
683,3289,1097
647,3290,1097
573,3291,1097
523,3292,1098
602,3293,1098
632,3294,1098
414,3295,1099
595,3296,1099
38,3297,1099
38,3298,1100
617,3299,1100
414,3300,1100
580,3301,1101
648,3302,1101
684,3303,1101
684,3304,1102
650,3305,1102
580,3306,1102
685,3307,1103
602,3308,1103
472,3309,1103
472,3310,1104
605,3311,1104
685,3312,1104
429,3313,1105
447,3314,1105
686,3315,1105
686,3316,1106
627,3317,1106
429,3318,1106
582,3319,1107
594,3320,1107
687,3321,1107
687,3322,1108
679,3323,1108
582,3324,1108
688,3325,1109
504,3326,1109
494,3327,1109
494,3328,1110
571,3329,1110
688,3330,1110
447,3331,1111
675,3332,1111
686,3333,1111
578,3334,1112
638,3335,1112
689,3336,1112
689,3337,1113
658,3338,1113
578,3339,1113
499,3340,1114
666,3341,1114
663,3342,1114
71,3343,1115
533,3344,1115
532,3345,1115
532,3346,1116
540,3347,1116
71,3348,1116
690,3349,1117
645,3350,1117
599,3351,1117
599,3352,1118
622,3353,1118
690,3354,1118
535,3355,1119
597,3356,1119
691,3357,1119
691,3358,1120
666,3359,1120
535,3360,1120
508,3361,1121
584,3362,1121
692,3363,1121
692,3364,1122
621,3365,1122
508,3366,1122
693,3367,1123
625,3368,1123
590,3369,1123
590,3370,1124
628,3371,1124
694,3372,1124
590,3373,1125
694,3374,1125
693,3375,1125
574,3376,1126
504,3377,1126
629,3378,1126
112,3379,1127
579,3380,1127
443,3381,1127
443,3382,1128
608,3383,1128
112,3384,1128
576,3385,1129
635,3386,1129
695,3387,1129
695,3388,1130
631,3389,1130
576,3390,1130
620,3391,1131
651,3392,1131
507,3393,1131
518,3394,1132
517,3395,1132
696,3396,1132
697,3397,1133
564,3398,1133
518,3399,1133
518,3400,1134
696,3401,1134
697,3402,1134
594,3403,1135
613,3404,1135
698,3405,1135
698,3406,1136
687,3407,1136
594,3408,1136
699,3409,1137
566,3410,1137
531,3411,1137
531,3412,1138
593,3413,1138
699,3414,1138
517,3415,1139
521,3416,1139
700,3417,1139
700,3418,1140
696,3419,1140
517,3420,1140
592,3421,1141
611,3422,1141
701,3423,1141
702,3424,1142
674,3425,1142
592,3426,1142
592,3427,1143
701,3428,1143
702,3429,1143
681,3430,1144
587,3431,1144
588,3432,1144
30,3433,1145
467,3434,1145
464,3435,1145
464,3436,1146
655,3437,1146
30,3438,1146
703,3439,1147
676,3440,1147
601,3441,1147
601,3442,1148
680,3443,1148
703,3444,1148
597,3445,1149
567,3446,1149
691,3447,1149
521,3448,1150
467,3449,1150
704,3450,1150
704,3451,1151
700,3452,1151
521,3453,1151
705,3454,1152
668,3455,1152
604,3456,1152
604,3457,1153
672,3458,1153
705,3459,1153
688,3460,1154
629,3461,1154
504,3462,1154
30,3463,1155
704,3464,1155
467,3465,1155
611,3466,1156
662,3467,1156
706,3468,1156
706,3469,1157
701,3470,1157
611,3471,1157
707,3472,1158
520,3473,1158
550,3474,1158
550,3475,1159
632,3476,1159
707,3477,1159
473,3478,1160
646,3479,1160
633,3480,1160
609,3481,1161
669,3482,1161
708,3483,1161
708,3484,1162
642,3485,1162
609,3486,1162
707,3487,1163
525,3488,1163
520,3489,1163
709,3490,1164
600,3491,1164
477,3492,1164
477,3493,1165
617,3494,1165
709,3495,1165
75,3496,1166
653,3497,1166
596,3498,1166
596,3499,1167
659,3500,1167
75,3501,1167
626,3502,1168
571,3503,1168
527,3504,1168
497,3505,1169
600,3506,1169
710,3507,1169
710,3508,1170
673,3509,1170
497,3510,1170
616,3511,1171
615,3512,1171
711,3513,1171
23,3514,1172
665,3515,1172
616,3516,1172
616,3517,1173
711,3518,1173
23,3519,1173
587,3520,1174
681,3521,1174
626,3522,1174
600,3523,1175
505,3524,1175
528,3525,1175
528,3526,1176
529,3527,1176
710,3528,1176
710,3529,1177
600,3530,1177
528,3531,1177
634,3532,1178
650,3533,1178
712,3534,1178
712,3535,1179
635,3536,1179
634,3537,1179
567,3538,1180
566,3539,1180
691,3540,1180
505,3541,1181
600,3542,1181
709,3543,1181
709,3544,1182
636,3545,1182
505,3546,1182
641,3547,1183
642,3548,1183
713,3549,1183
714,3550,1184
662,3551,1184
641,3552,1184
713,3553,1185
714,3554,1185
641,3555,1185
581,3556,1186
651,3557,1186
715,3558,1186
715,3559,1187
660,3560,1187
581,3561,1187
536,3562,1188
564,3563,1188
697,3564,1188
610,3565,1189
564,3566,1189
536,3567,1189
697,3568,1190
623,3569,1190
536,3570,1190
716,3571,1191
618,3572,1191
619,3573,1191
619,3574,1192
653,3575,1192
154,3576,1192
154,3577,1193
716,3578,1193
619,3579,1193
563,3580,1194
639,3581,1194
654,3582,1194
471,3583,1195
598,3584,1195
62,3585,1195
62,3586,1196
646,3587,1196
471,3588,1196
13,3589,1197
622,3590,1197
618,3591,1197
618,3592,1198
716,3593,1198
13,3594,1198
699,3595,1199
691,3596,1199
566,3597,1199
644,3598,1200
643,3599,1200
546,3600,1200
546,3601,1201
643,3602,1201
652,3603,1201
649,3604,1202
644,3605,1202
546,3606,1202
607,3607,1203
665,3608,1203
106,3609,1203
106,3610,1204
683,3611,1204
607,3612,1204
666,3613,1205
691,3614,1205
663,3615,1205
552,3616,1206
551,3617,1206
717,3618,1206
552,3619,1207
589,3620,1207
606,3621,1207
717,3622,1208
589,3623,1208
552,3624,1208
613,3625,1209
656,3626,1209
117,3627,1209
117,3628,1210
698,3629,1210
613,3630,1210
688,3631,1211
681,3632,1211
629,3633,1211
10,3634,1212
554,3635,1212
555,3636,1212
555,3637,1213
589,3638,1213
717,3639,1213
555,3640,1214
717,3641,1214
10,3642,1214
31,3643,1215
624,3644,1215
625,3645,1215
625,3646,1216
693,3647,1216
31,3648,1216
651,3649,1217
620,3650,1217
715,3651,1217
551,3652,1218
560,3653,1218
9,3654,1218
9,3655,1219
717,3656,1219
551,3657,1219
615,3658,1220
631,3659,1220
126,3660,1220
126,3661,1221
711,3662,1221
615,3663,1221
685,3664,1222
605,3665,1222
525,3666,1222
525,3667,1223
707,3668,1223
685,3669,1223
91,3670,1224
608,3671,1224
488,3672,1224
488,3673,1225
652,3674,1225
91,3675,1225
637,3676,1226
645,3677,1226
718,3678,1226
719,3679,1227
638,3680,1227
637,3681,1227
718,3682,1228
719,3683,1228
637,3684,1228
715,3685,1229
639,3686,1229
660,3687,1229
495,3688,1230
568,3689,1230
53,3690,1230
53,3691,1231
670,3692,1231
495,3693,1231
645,3694,1232
690,3695,1232
720,3696,1232
645,3697,1233
720,3698,1233
718,3699,1233
685,3700,1234
632,3701,1234
602,3702,1234
554,3703,1235
10,3704,1235
11,3705,1235
11,3706,1236
575,3707,1236
554,3708,1236
624,3709,1237
31,3710,1237
32,3711,1237
32,3712,1238
656,3713,1238
624,3714,1238
571,3715,1239
626,3716,1239
688,3717,1239
491,3718,1240
612,3719,1240
190,3720,1240
190,3721,1241
664,3722,1241
491,3723,1241
648,3724,1242
647,3725,1242
721,3726,1242
722,3727,1243
684,3728,1243
648,3729,1243
648,3730,1244
721,3731,1244
722,3732,1244
593,3733,1245
663,3734,1245
699,3735,1245
610,3736,1246
514,3737,1246
564,3738,1246
723,3739,1247
694,3740,1247
628,3741,1247
628,3742,1248
677,3743,1248
723,3744,1248
685,3745,1249
707,3746,1249
632,3747,1249
529,3748,1250
621,3749,1250
157,3750,1250
157,3751,1251
710,3752,1251
529,3753,1251
650,3754,1252
684,3755,1252
724,3756,1252
724,3757,1253
712,3758,1253
650,3759,1253
654,3760,1254
715,3761,1254
620,3762,1254
543,3763,1255
636,3764,1255
133,3765,1255
133,3766,1256
682,3767,1256
543,3768,1256
725,3769,1257
689,3770,1257
638,3771,1257
638,3772,1258
719,3773,1258
725,3774,1258
533,3775,1259
71,3776,1259
72,3777,1259
72,3778,1260
649,3779,1260
533,3780,1260
671,3781,1261
145,3782,1261
146,3783,1261
146,3784,1262
672,3785,1262
671,3786,1262
671,3787,1263
674,3788,1263
145,3789,1263
688,3790,1264
626,3791,1264
681,3792,1264
589,3793,1265
603,3794,1265
606,3795,1265
13,3796,1266
14,3797,1266
622,3798,1266
14,3799,1267
690,3800,1267
622,3801,1267
639,3802,1268
715,3803,1268
654,3804,1268
514,3805,1269
610,3806,1269
123,3807,1269
123,3808,1270
667,3809,1270
514,3810,1270
647,3811,1271
683,3812,1271
205,3813,1271
205,3814,1272
721,3815,1272
647,3816,1272
661,3817,1273
652,3818,1273
643,3819,1273
179,3820,1274
695,3821,1274
635,3822,1274
635,3823,1275
712,3824,1275
726,3825,1275
635,3826,1276
726,3827,1276
179,3828,1276
699,3829,1277
663,3830,1277
691,3831,1277
558,3832,1278
678,3833,1278
152,3834,1278
152,3835,1279
661,3836,1279
558,3837,1279
669,3838,1280
668,3839,1280
727,3840,1280
56,3841,1281
708,3842,1281
669,3843,1281
669,3844,1282
727,3845,1282
56,3846,1282
79,3847,1283
9,3848,1283
560,3849,1283
560,3850,1284
664,3851,1284
79,3852,1284
658,3853,1285
64,3854,1285
65,3855,1285
658,3856,1286
689,3857,1286
64,3858,1286
65,3859,1287
659,3860,1287
658,3861,1287
575,3862,1288
11,3863,1288
103,3864,1288
103,3865,1289
591,3866,1289
575,3867,1289
642,3868,1290
708,3869,1290
193,3870,1290
193,3871,1291
713,3872,1291
642,3873,1291
52,3874,1292
53,3875,1292
568,3876,1292
568,3877,1293
614,3878,1293
52,3879,1293
728,3880,1294
706,3881,1294
662,3882,1294
662,3883,1295
714,3884,1295
728,3885,1295
74,3886,1296
71,3887,1296
540,3888,1296
540,3889,1297
633,3890,1297
74,3891,1297
125,3892,1298
126,3893,1298
631,3894,1298
631,3895,1299
695,3896,1299
125,3897,1299
584,3898,1300
644,3899,1300
143,3900,1300
143,3901,1301
692,3902,1301
584,3903,1301
172,3904,1302
677,3905,1302
676,3906,1302
676,3907,1303
703,3908,1303
172,3909,1303
103,3910,1304
123,3911,1304
591,3912,1304
123,3913,1305
610,3914,1305
591,3915,1305
136,3916,1306
137,3917,1306
680,3918,1306
680,3919,1307
679,3920,1307
136,3921,1307
137,3922,1308
703,3923,1308
680,3924,1308
41,3925,1309
38,3926,1309
595,3927,1309
595,3928,1310
627,3929,1310
41,3930,1310
668,3931,1311
705,3932,1311
237,3933,1311
237,3934,1312
727,3935,1312
668,3936,1312
61,3937,1313
62,3938,1313
598,3939,1313
598,3940,1314
630,3941,1314
61,3942,1314
665,3943,1315
23,3944,1315
24,3945,1315
24,3946,1316
106,3947,1316
665,3948,1316
46,3949,1317
44,3950,1317
694,3951,1317
44,3952,1318
693,3953,1318
694,3954,1318
694,3955,1319
723,3956,1319
46,3957,1319
166,3958,1320
606,3959,1320
603,3960,1320
603,3961,1321
682,3962,1321
166,3963,1321
684,3964,1322
722,3965,1322
219,3966,1322
219,3967,1323
724,3968,1323
684,3969,1323
166,3970,1324
640,3971,1324
606,3972,1324
162,3973,1325
136,3974,1325
679,3975,1325
679,3976,1326
687,3977,1326
162,3978,1326
579,3979,1327
112,3980,1327
113,3981,1327
113,3982,1328
655,3983,1328
579,3984,1328
677,3985,1329
172,3986,1329
173,3987,1329
173,3988,1330
723,3989,1330
677,3990,1330
617,3991,1331
38,3992,1331
39,3993,1331
617,3994,1332
39,3995,1332
196,3996,1332
196,3997,1333
709,3998,1333
617,3999,1333
672,4000,1334
146,4001,1334
198,4002,1334
198,4003,1335
705,4004,1335
672,4005,1335
690,4006,1336
14,4007,1336
15,4008,1336
15,4009,1337
82,4010,1337
690,4011,1337
82,4012,1338
720,4013,1338
690,4014,1338
224,4015,1339
52,4016,1339
614,4017,1339
614,4018,1340
667,4019,1340
224,4020,1340
653,4021,1341
75,4022,1341
76,4023,1341
76,4024,1342
154,4025,1342
653,4026,1342
657,4027,1343
167,4028,1343
168,4029,1343
657,4030,1344
640,4031,1344
167,4032,1344
168,4033,1345
675,4034,1345
657,4035,1345
148,4036,1346
145,4037,1346
674,4038,1346
674,4039,1347
702,4040,1347
148,4041,1347
166,4042,1348
167,4043,1348
640,4044,1348
116,4045,1349
117,4046,1349
656,4047,1349
656,4048,1350
32,4049,1350
116,4050,1350
608,4051,1351
91,4052,1351
92,4053,1351
92,4054,1352
112,4055,1352
608,4056,1352
67,4057,1353
64,4058,1353
689,4059,1353
689,4060,1354
184,4061,1354
67,4062,1354
689,4063,1355
725,4064,1355
184,4065,1355
623,4066,1356
697,4067,1356
213,4068,1356
213,4069,1357
151,4070,1357
623,4071,1357
151,4072,1358
678,4073,1358
623,4074,1358
77,4075,1359
75,4076,1359
659,4077,1359
659,4078,1360
65,4079,1360
77,4080,1360
189,4081,1361
190,4082,1361
612,4083,1361
612,4084,1362
670,4085,1362
189,4086,1362
701,4087,1363
289,4088,1363
290,4089,1363
701,4090,1364
706,4091,1364
289,4092,1364
290,4093,1365
702,4094,1365
701,4095,1365
158,4096,1366
61,4097,1366
630,4098,1366
630,4099,1367
673,4100,1367
158,4101,1367
34,4102,1368
31,4103,1368
693,4104,1368
693,4105,1369
44,4106,1369
47,4107,1369
693,4108,1370
47,4109,1370
34,4110,1370
160,4111,1371
157,4112,1371
621,4113,1371
621,4114,1372
692,4115,1372
160,4116,1372
277,4117,1373
162,4118,1373
687,4119,1373
687,4120,1374
698,4121,1374
277,4122,1374
644,4123,1375
649,4124,1375
143,4125,1375
683,4126,1376
106,4127,1376
107,4128,1376
107,4129,1377
205,4130,1377
683,4131,1377
652,4132,1378
661,4133,1378
91,4134,1378
695,4135,1379
179,4136,1379
180,4137,1379
180,4138,1380
125,4139,1380
695,4140,1380
646,4141,1381
62,4142,1381
63,4143,1381
63,4144,1382
633,4145,1382
646,4146,1382
703,4147,1383
137,4148,1383
138,4149,1383
171,4150,1384
172,4151,1384
703,4152,1384
138,4153,1385
171,4154,1385
703,4155,1385
132,4156,1386
133,4157,1386
636,4158,1386
636,4159,1387
196,4160,1387
132,4161,1387
636,4162,1388
709,4163,1388
196,4164,1388
708,4165,1389
56,4166,1389
57,4167,1389
57,4168,1390
193,4169,1390
708,4170,1390
72,4171,1391
143,4172,1391
649,4173,1391
288,4174,1392
289,4175,1392
706,4176,1392
706,4177,1393
728,4178,1393
288,4179,1393
151,4180,1394
152,4181,1394
678,4182,1394
226,4183,1395
81,4184,1395
714,4185,1395
714,4186,1396
713,4187,1396
226,4188,1396
81,4189,1397
728,4190,1397
714,4191,1397
229,4192,1398
41,4193,1398
627,4194,1398
627,4195,1399
686,4196,1399
229,4197,1399
698,4198,1400
117,4199,1400
118,4200,1400
118,4201,1401
277,4202,1401
698,4203,1401
675,4204,1402
168,4205,1402
248,4206,1402
248,4207,1403
686,4208,1403
675,4209,1403
721,4210,1404
205,4211,1404
206,4212,1404
42,4213,1405
43,4214,1405
721,4215,1405
206,4216,1406
42,4217,1406
721,4218,1406
43,4219,1407
722,4220,1407
721,4221,1407
9,4222,1408
10,4223,1408
717,4224,1408
722,4225,1409
43,4226,1409
210,4227,1409
210,4228,1410
219,4229,1410
722,4230,1410
29,4231,1411
30,4232,1411
655,4233,1411
655,4234,1412
113,4235,1412
29,4236,1412
260,4237,1413
257,4238,1413
712,4239,1413
257,4240,1414
726,4241,1414
712,4242,1414
712,4243,1415
724,4244,1415
260,4245,1415
670,4246,1416
53,4247,1416
51,4248,1416
51,4249,1417
189,4250,1417
670,4251,1417
240,4252,1418
237,4253,1418
705,4254,1418
705,4255,1419
198,4256,1419
240,4257,1419
248,4258,1420
229,4259,1420
686,4260,1420
720,4261,1421
82,4262,1421
80,4263,1421
720,4264,1422
80,4265,1422
285,4266,1422
285,4267,1423
718,4268,1423
720,4269,1423
673,4270,1424
157,4271,1424
158,4272,1424
673,4273,1425
710,4274,1425
157,4275,1425
95,4276,1426
13,4277,1426
716,4278,1426
716,4279,1427
154,4280,1427
95,4281,1427
234,4282,1428
74,4283,1428
633,4284,1428
633,4285,1429
63,4286,1429
234,4287,1429
178,4288,1430
179,4289,1430
726,4290,1430
726,4291,1431
257,4292,1431
55,4293,1431
726,4294,1432
55,4295,1432
178,4296,1432
343,4297,1433
339,4298,1433
719,4299,1433
719,4300,1434
718,4301,1434
343,4302,1434
339,4303,1435
725,4304,1435
719,4305,1435
718,4306,1436
285,4307,1436
343,4308,1436
682,4309,1437
133,4310,1437
134,4311,1437
134,4312,1438
166,4313,1438
682,4314,1438
713,4315,1439
193,4316,1439
194,4317,1439
194,4318,1440
226,4319,1440
713,4320,1440
93,4321,1441
91,4322,1441
661,4323,1441
661,4324,1442
152,4325,1442
93,4326,1442
702,4327,1443
290,4328,1443
312,4329,1443
312,4330,1444
148,4331,1444
702,4332,1444
664,4333,1445
190,4334,1445
191,4335,1445
191,4336,1446
79,4337,1446
664,4338,1446
25,4339,1447
23,4340,1447
711,4341,1447
711,4342,1448
126,4343,1448
127,4344,1448
127,4345,1449
25,4346,1449
711,4347,1449
667,4348,1450
123,4349,1450
122,4350,1450
122,4351,1451
224,4352,1451
667,4353,1451
215,4354,1452
46,4355,1452
723,4356,1452
723,4357,1453
173,4358,1453
215,4359,1453
213,4360,1454
697,4361,1454
696,4362,1454
217,4363,1455
213,4364,1455
696,4365,1455
696,4366,1456
700,4367,1456
217,4368,1456
724,4369,1457
219,4370,1457
220,4371,1457
220,4372,1458
260,4373,1458
724,4374,1458
300,4375,1459
217,4376,1459
700,4377,1459
700,4378,1460
704,4379,1460
300,4380,1460
55,4381,1461
56,4382,1461
727,4383,1461
727,4384,1462
237,4385,1462
238,4386,1462
178,4387,1463
55,4388,1463
727,4389,1463
238,4390,1464
178,4391,1464
727,4392,1464
704,4393,1465
30,4394,1465
28,4395,1465
28,4396,1466
300,4397,1466
704,4398,1466
185,4399,1467
184,4400,1467
725,4401,1467
339,4402,1468
185,4403,1468
725,4404,1468
692,4405,1469
143,4406,1469
144,4407,1469
144,4408,1470
160,4409,1470
692,4410,1470
728,4411,1471
81,4412,1471
83,4413,1471
83,4414,1472
288,4415,1472
728,4416,1472
