diamond_tag,primal_a,primal_b,face_k,face_l
1,1,2,614,642
2,1,42,615,643
3,1,43,580,657
4,1,52,581,658
5,1,392,643,657
6,1,393,581,615
7,1,394,642,658
8,1,395,580,614
9,2,3,609,662
10,2,343,609,791
11,2,344,662,802
12,2,394,642,802
13,2,395,614,791
14,3,4,244,471
15,3,96,244,567
16,3,301,471,675
17,3,343,609,675
18,3,344,567,662
19,4,5,254,739
20,4,89,251,254
21,4,96,244,611
22,4,301,251,471
23,4,376,611,739
24,5,6,263,496
25,5,71,263,621
26,5,89,254,525
27,5,292,496,525
28,5,376,621,739
29,6,7,256,760
30,6,64,256,409
31,6,71,263,629
32,6,292,409,496
33,6,389,629,760
34,7,8,51,295
35,7,64,256,451
36,7,278,51,140
37,7,302,295,451
38,7,389,140,760
39,8,9,301,482
40,8,66,99,301
41,8,278,51,99
42,8,302,295,552
43,8,303,482,552
44,9,10,257,495
45,9,60,257,265
46,9,66,301,394
47,9,303,265,482
48,9,313,394,495
49,10,11,497,740
50,10,60,257,416
51,10,293,416,497
52,10,313,495,685
53,10,377,685,740
54,11,12,260,324
55,11,67,324,637
56,11,72,260,530
57,11,293,497,530
58,11,377,637,740
59,12,13,499,720
60,12,67,324,631
61,12,72,260,432
62,12,294,432,499
63,12,370,631,720
64,13,14,264,331
65,13,61,264,533
66,13,81,331,632
67,13,294,499,533
68,13,370,632,720
69,14,15,501,519
70,14,61,264,534
71,14,81,331,486
72,14,296,501,534
73,14,317,486,519
74,15,16,271,338
75,15,75,271,446
76,15,83,338,561
77,15,296,446,501
78,15,317,519,561
79,16,17,520,627
80,16,75,271,608
81,16,83,338,562
82,16,298,608,627
83,16,319,520,562
84,17,18,274,340
85,17,59,274,491
86,17,86,340,489
87,17,298,491,627
88,17,319,489,520
89,18,19,2,507
90,18,59,274,457
91,18,86,53,340
92,18,273,2,53
93,18,300,457,507
94,19,20,296,341
95,19,74,296,545
96,19,88,71,341
97,19,273,2,71
98,19,300,507,545
99,20,21,502,513
100,20,74,296,474
101,20,88,341,447
102,20,312,474,513
103,20,321,447,502
104,21,22,332,750
105,21,62,332,556
106,21,312,513,556
107,21,321,502,711
108,21,381,711,750
109,22,23,344,521
110,22,62,332,563
111,22,79,344,593
112,22,320,521,563
113,22,381,593,750
114,23,24,348,516
115,23,79,344,485
116,23,84,348,490
117,23,314,485,516
118,23,320,490,521
119,24,25,314,742
120,24,76,314,555
121,24,84,348,638
122,24,314,516,555
123,24,378,638,742
124,25,26,503,684
125,25,76,314,605
126,25,322,503,687
127,25,354,605,684
128,25,378,687,742
129,26,27,273,343
130,26,57,273,597
131,26,87,343,449
132,26,322,449,503
133,26,354,597,684
134,27,28,477,505
135,27,57,273,454
136,27,87,322,343
137,27,306,454,505
138,27,307,322,477
139,28,29,313,339
140,28,85,339,574
141,28,305,313,547
142,28,306,505,547
143,28,307,477,574
144,29,30,267,778
145,29,73,267,458
146,29,85,339,591
147,29,305,313,458
148,29,407,591,778
149,30,31,334,500
150,30,73,267,442
151,30,82,334,681
152,30,295,442,500
153,30,407,681,778
154,31,32,262,518
155,31,58,262,532
156,31,82,334,487
157,31,295,500,532
158,31,316,487,518
159,32,33,89,330
160,32,58,55,262
161,32,80,330,560
162,32,275,55,89
163,32,316,518,560
164,33,34,517,587
165,33,80,330,483
166,33,275,89,484
167,33,315,483,517
168,33,341,484,587
169,34,35,259,320
170,34,65,259,645
171,34,78,320,559
172,34,315,517,559
173,34,341,587,645
174,35,36,512,748
175,35,65,259,626
176,35,78,320,553
177,35,311,512,553
178,35,382,626,748
179,36,37,298,300
180,36,69,298,473
181,36,304,300,633
182,36,311,473,512
183,36,382,633,748
184,37,38,258,506
185,37,69,298,546
186,37,70,258,452
187,37,299,506,546
188,37,304,300,452
189,38,39,272,498
190,38,70,247,258
191,38,77,272,455
192,38,282,247,498
193,38,299,455,506
194,39,40,255,493
195,39,77,272,529
196,39,90,255,564
197,39,282,498,564
198,39,284,493,529
199,40,41,245,775
200,40,90,255,667
201,40,95,245,307
202,40,284,307,493
203,40,411,667,775
204,41,42,579,656
205,41,95,245,636
206,41,339,579,636
207,41,347,656,680
208,41,411,680,775
209,42,339,579,732
210,42,347,656,807
211,42,392,643,732
212,42,393,615,807
213,43,44,464,465
214,43,91,465,784
215,43,92,464,773
216,43,392,657,784
217,43,395,580,773
218,44,45,536,586
219,44,91,221,465
220,44,92,464,571
221,44,286,221,536
222,44,289,571,586
223,45,46,422,423
224,45,53,422,622
225,45,55,423,528
226,45,286,536,622
227,45,289,528,586
228,46,47,218,435
229,46,53,173,422
230,46,55,249,423
231,46,97,173,218
232,46,270,249,435
233,47,48,430,440
234,47,63,430,445
235,47,68,225,440
236,47,97,218,445
237,47,270,225,435
238,48,49,101,217
239,48,63,182,430
240,48,68,440,448
241,48,238,101,182
242,48,271,217,448
243,49,50,420,421
244,49,54,104,420
245,49,56,176,421
246,49,238,101,104
247,49,271,176,217
248,50,51,535,585
249,50,54,420,527
250,50,56,421,623
251,50,288,535,623
252,50,291,527,585
253,51,52,462,463
254,51,93,220,462
255,51,94,463,572
256,51,288,220,535
257,51,291,572,585
258,52,93,462,783
259,52,94,463,774
260,52,393,581,774
261,52,394,658,783
262,53,97,92,173
263,53,179,24,92
264,53,286,619,622
265,53,346,24,619
266,54,238,104,620
267,54,254,18,625
268,54,291,52,527
269,54,330,18,52
270,54,400,620,625
271,55,270,249,734
272,55,289,528,691
273,55,332,600,617
274,55,372,600,691
275,55,387,617,734
276,56,271,176,659
277,56,288,623,780
278,56,356,659,693
279,56,362,693,780
280,57,252,63,192
281,57,253,63,137
282,57,306,454,624
283,57,354,137,597
284,57,366,192,624
285,58,259,98,175
286,58,275,55,98
287,58,295,532,542
288,58,328,175,542
289,59,274,123,186
290,59,298,491,666
291,59,300,123,457
292,59,375,186,666
293,60,268,277,794
294,60,293,277,416
295,60,303,265,712
296,60,367,712,794
297,61,294,533,686
298,61,296,534,697
299,61,350,686,705
300,61,351,697,705
301,62,312,556,717
302,62,320,563,689
303,62,348,689,800
304,62,384,717,800
305,63,97,445,470
306,63,98,470,478
307,63,99,403,478
308,63,238,182,403
309,64,272,27,147
310,64,292,409,735
311,64,302,27,451
312,64,380,147,735
313,65,279,122,603
314,65,336,67,122
315,65,341,67,645
316,65,382,603,626
317,66,262,47,196
318,66,278,99,196
319,66,313,47,394
320,67,308,120,242
321,67,309,120,191
322,67,310,242,644
323,67,370,191,631
324,67,377,637,644
325,68,270,225,706
326,68,271,448,640
327,68,337,630,640
328,68,369,630,706
329,69,280,178,276
330,69,299,480,546
331,69,311,276,473
332,69,331,178,480
333,70,282,247,751
334,70,304,452,460
335,70,359,460,814
336,70,406,751,814
337,71,269,566,577
338,71,281,177,181
339,71,374,177,566
340,71,376,181,621
341,71,389,577,629
342,72,249,38,170
343,72,293,38,530
344,72,294,432,765
345,72,396,170,765
346,73,295,442,647
347,73,305,458,776
348,73,349,647,736
349,73,388,736,776
350,74,264,5,481
351,74,300,5,545
352,74,312,474,744
353,74,379,481,744
354,75,263,96,126
355,75,296,96,446
356,75,297,126,531
357,75,298,531,608
358,76,253,125,213
359,76,283,86,125
360,76,314,86,555
361,76,354,213,605
362,77,284,515,529
363,77,285,515,639
364,77,299,455,589
365,77,345,589,639
366,78,311,553,755
367,78,315,559,793
368,78,368,755,789
369,78,397,789,793
370,79,242,114,134
371,79,246,40,88
372,79,314,40,485
373,79,338,88,114
374,79,381,134,593
375,80,315,26,483
376,80,316,560,798
377,80,342,26,612
378,80,404,612,798
379,81,309,194,594
380,81,317,486,729
381,81,323,194,655
382,81,370,594,632
383,81,409,655,729
384,82,277,646,709
385,82,316,487,703
386,82,355,703,812
387,82,398,709,812
388,82,407,646,681
389,83,317,548,561
390,83,318,548,714
391,83,319,562,700
392,83,358,700,714
393,84,320,45,490
394,84,324,45,269
395,84,325,269,648
396,84,378,638,648
397,85,235,44,68
398,85,276,44,450
399,85,277,68,610
400,85,307,450,574
401,85,407,591,610
402,86,273,53,203
403,86,319,489,508
404,86,385,203,508
405,87,247,4,145
406,87,307,4,322
407,87,322,449,710
408,87,364,145,710
409,88,241,15,117
410,88,257,15,91
411,88,273,71,91
412,88,321,117,447
413,89,292,525,694
414,89,301,251,583
415,89,353,119,583
416,89,371,119,694
417,90,240,32,139
418,90,255,32,61
419,90,256,61,592
420,90,282,139,564
421,90,411,592,667
422,91,286,211,221
423,91,287,211,538
424,91,339,538,787
425,91,392,784,787
426,92,289,511,571
427,92,290,511,544
428,92,343,544,803
429,92,395,773,803
430,93,288,146,220
431,93,335,146,715
432,93,344,715,805
433,93,394,783,805
434,94,291,558,572
435,94,347,808,810
436,94,393,774,810
437,94,403,558,808
438,95,284,280,307
439,95,287,228,246
440,95,339,246,636
441,95,340,228,280
442,96,244,100,108
443,96,281,100,606
444,96,335,108,650
445,96,344,567,650
446,96,376,606,611
447,97,98,467,470
448,97,179,92,467
449,98,99,478,479
450,98,100,459,479
451,98,142,198,459
452,98,179,198,467
453,99,100,461,479
454,99,101,189,461
455,99,238,31,403
456,99,239,42,189
457,99,400,31,42
458,100,101,453,461
459,100,102,64,453
460,100,142,346,459
461,100,218,64,102
462,100,410,102,346
463,101,102,436,453
464,101,103,402,436
465,101,157,283,402
466,101,239,189,283
467,102,103,417,436
468,102,104,417,429
469,102,105,169,429
470,102,218,64,169
471,103,104,410,417
472,103,156,200,410
473,103,157,402,412
474,103,214,200,412
475,104,105,429,438
476,104,106,172,438
477,104,156,82,410
478,104,209,82,172
479,105,106,438,439
480,105,107,413,439
481,105,141,312,413
482,105,218,169,312
483,106,107,433,439
484,106,108,397,433
485,106,144,321,397
486,106,209,172,321
487,107,108,433,434
488,107,109,404,434
489,107,141,179,413
490,107,230,179,404
491,108,109,428,434
492,108,110,180,428
493,108,144,397,408
494,108,200,180,408
495,109,110,419,428
496,109,111,419,472
497,109,230,9,404
498,109,232,9,11
499,109,360,11,472
500,110,111,400,419
501,110,112,358,400
502,110,113,62,358
503,110,200,62,180
504,111,112,396,400
505,111,139,391,396
506,111,143,391,727
507,111,360,472,727
508,112,113,358,386
509,112,114,59,386
510,112,139,3,396
511,112,208,3,59
512,113,114,380,386
513,113,115,327,380
514,113,117,1,327
515,113,200,1,62
516,114,115,380,393
517,114,116,389,393
518,114,118,171,389
519,114,208,59,171
520,115,116,378,393
521,115,117,118,327
522,115,155,28,378
523,115,203,28,118
524,116,118,381,389
525,116,119,183,381
526,116,155,378,384
527,116,224,183,384
528,117,200,1,13
529,117,201,13,150
530,117,202,150,229
531,117,203,118,229
532,118,119,376,381
533,118,120,372,376
534,118,148,349,372
535,118,208,171,349
536,119,120,363,376
537,119,121,360,363
538,119,122,66,360
539,119,224,66,183
540,120,121,154,363
541,120,148,371,372
542,120,149,60,371
543,120,251,60,154
544,121,122,357,360
545,121,123,325,357
546,121,124,325,336
547,121,251,154,336
548,122,123,357,362
549,122,146,362,365
550,122,147,6,365
551,122,224,6,66
552,123,124,323,325
553,123,125,152,323
554,123,146,54,362
555,123,219,54,152
556,124,125,316,323
557,124,126,316,329
558,124,145,166,329
559,124,251,166,336
560,125,126,306,316
561,125,127,306,318
562,125,128,318,390
563,125,219,152,390
564,126,127,157,306
565,126,145,317,329
566,126,165,65,317
567,126,189,65,157
568,127,128,302,318
569,127,129,302,303
570,127,130,303,342
571,127,189,157,342
572,128,129,302,337
573,128,219,390,671
574,128,243,337,618
575,128,352,618,671
576,129,130,284,303
577,129,131,284,308
578,129,132,156,308
579,129,243,156,337
580,130,131,72,284
581,130,189,319,342
582,130,190,7,319
583,130,225,7,72
584,131,132,285,308
585,131,133,285,293
586,131,134,187,293
587,131,225,72,187
588,132,133,285,335
589,132,195,335,431
590,132,196,69,431
591,132,243,69,156
592,133,134,279,293
593,133,135,279,309
594,133,137,161,309
595,133,195,161,335
596,134,135,279,305
597,134,136,305,399
598,134,140,399,424
599,134,225,187,424
600,135,136,148,305
601,135,137,290,309
602,135,138,286,290
603,135,226,148,286
604,136,140,374,399
605,136,160,289,374
606,136,161,73,289
607,136,226,73,148
608,137,138,290,352
609,137,150,352,444
610,137,151,77,444
611,137,195,77,161
612,138,150,281,352
613,138,152,266,281
614,138,164,153,266
615,138,226,153,286
616,139,143,391,395
617,139,158,385,395
618,139,159,12,385
619,139,208,3,12
620,140,160,374,401
621,140,172,401,411
622,140,173,210,411
623,140,225,210,424
624,141,218,81,312
625,141,228,81,93
626,141,229,20,93
627,141,230,20,179
628,142,179,167,198
629,142,180,167,250
630,142,181,250,779
631,142,410,346,779
632,143,158,388,395
633,143,235,388,781
634,143,360,727,728
635,143,412,728,781
636,144,200,408,708
637,144,209,48,321
638,144,334,48,756
639,144,383,708,756
640,145,165,317,333
641,145,166,333,375
642,145,167,95,375
643,145,251,95,166
644,146,147,365,367
645,146,168,356,367
646,146,169,14,356
647,146,219,14,54
648,147,168,367,370
649,147,170,353,370
650,147,171,23,353
651,147,224,6,23
652,148,149,371,373
653,148,174,238,373
654,148,208,349,598
655,148,329,238,598
656,149,174,366,373
657,149,175,366,504
658,149,251,60,80
659,149,327,80,504
660,150,151,444,522
661,150,152,281,377
662,150,153,232,377
663,150,260,232,522
664,151,195,77,79
665,151,260,509,522
666,151,261,509,749
667,151,363,79,749
668,152,153,297,377
669,152,154,223,297
670,152,164,141,266
671,152,258,141,223
672,153,154,297,425
673,153,186,425,456
674,153,188,151,456
675,153,260,151,232
676,154,186,354,425
677,154,187,253,354
678,154,194,253,261
679,154,258,223,261
680,155,203,28,30
681,155,204,30,193
682,155,224,105,384
683,155,245,105,193
684,156,209,82,85
685,156,210,85,197
686,156,213,78,197
687,156,214,78,200
688,157,214,406,412
689,157,216,288,406
690,157,217,207,288
691,157,239,207,283
692,158,159,385,392
693,158,235,388,569
694,158,247,392,664
695,158,276,569,664
696,159,208,12,115
697,159,247,383,392
698,159,248,382,383
699,159,329,115,382
700,160,161,289,328
701,160,162,328,652
702,160,172,401,514
703,160,266,514,652
704,161,162,311,328
705,161,163,287,311
706,161,176,33,287
707,161,226,33,73
708,162,163,311,469
709,162,266,616,652
710,162,267,216,616
711,162,272,216,469
712,163,176,278,287
713,163,177,278,351
714,163,185,351,557
715,163,272,469,557
716,164,226,116,153
717,164,258,141,299
718,164,326,116,185
719,164,337,185,299
720,165,166,315,333
721,165,189,50,65
722,165,192,315,719
723,165,357,50,719
724,166,167,359,375
725,166,192,315,661
726,166,264,359,565
727,166,274,565,661
728,167,251,94,95
729,167,264,359,379
730,167,265,379,427
731,167,327,94,427
732,168,169,219,356
733,168,170,368,370
734,168,241,142,368
735,168,257,142,219
736,169,219,14,43
737,169,220,43,188
738,169,221,188,466
739,169,257,219,466
740,170,171,353,576
741,170,241,368,369
742,170,242,369,668
743,170,338,576,668
744,171,224,23,35
745,171,245,35,138
746,171,246,138,523
747,171,338,523,576
748,172,173,405,411
749,172,249,158,405
750,172,266,231,514
751,172,268,158,231
752,173,225,184,210
753,173,249,398,405
754,173,250,398,524
755,173,333,184,524
756,174,175,366,488
757,174,324,133,488
758,174,329,238,654
759,174,361,133,654
760,175,324,128,488
761,175,327,504,726
762,175,348,128,811
763,175,390,726,811
764,176,177,252,278
765,176,178,252,291
766,176,226,33,75
767,176,326,75,291
768,177,178,252,268
769,177,185,350,351
770,177,227,239,350
771,177,332,239,268
772,178,326,291,692
773,178,332,268,768
774,178,369,692,698
775,178,387,698,768
776,179,180,167,226
777,179,183,76,226
778,179,346,24,76
779,180,181,250,387
780,180,182,387,649
781,180,183,226,772
782,180,391,649,772
783,181,182,387,441
784,181,184,418,441
785,181,228,418,494
786,181,410,494,779
787,182,184,441,599
788,182,331,599,770
789,182,345,109,770
790,182,391,109,649
791,183,340,355,476
792,183,346,76,476
793,183,391,355,772
794,184,228,74,418
795,184,237,74,121
796,184,280,121,468
797,184,331,468,599
798,185,227,350,754
799,185,272,557,723
800,185,371,754,821
801,185,380,723,821
802,186,187,354,761
803,186,188,456,543
804,186,269,543,669
805,186,374,669,761
806,187,194,253,292
807,187,244,292,575
808,187,281,575,683
809,187,374,683,761
810,188,260,127,151
811,188,262,112,127
812,188,269,543,596
813,188,278,112,596
814,189,190,319,347
815,189,191,103,347
816,189,357,50,103
817,190,191,326,347
818,190,193,326,539
819,190,225,7,56
820,190,333,56,539
821,191,193,326,345
822,191,263,16,345
823,191,357,16,103
824,192,274,651,661
825,192,297,202,613
826,192,357,202,719
827,192,375,613,651
828,193,263,345,665
829,193,333,539,725
830,193,351,549,665
831,193,408,549,725
832,194,244,292,701
833,194,258,261,713
834,194,356,678,713
835,194,362,678,701
836,195,196,407,431
837,195,197,124,407
838,195,363,79,124
839,196,197,407,426
840,196,198,414,426
841,196,199,37,414
842,196,243,37,69
843,197,198,426,443
844,197,308,443,716
845,197,363,124,801
846,197,402,716,801
847,198,199,414,628
848,198,308,443,541
849,198,309,541,588
850,198,323,588,628
851,199,243,37,110
852,199,323,540,628
853,199,373,540,817
854,199,399,110,817
855,200,201,13,635
856,200,383,635,708
857,201,202,150,224
858,201,205,224,270
859,201,206,270,674
860,201,383,635,674
861,202,203,229,752
862,202,205,224,275
863,202,207,275,699
864,202,405,699,752
865,203,204,30,162
866,203,252,162,737
867,203,405,737,752
868,204,245,193,206
869,204,252,162,236
870,204,253,160,236
871,204,283,160,206
872,205,206,270,568
873,205,207,275,757
874,205,349,568,730
875,205,388,730,757
876,206,328,679,747
877,206,334,676,796
878,206,349,568,679
879,206,365,747,796
880,206,383,674,676
881,207,305,294,786
882,207,306,294,641
883,207,366,641,790
884,207,388,757,786
885,207,405,699,790
886,208,329,115,598
887,209,210,85,199
888,209,211,46,199
889,209,334,46,48
890,210,211,199,248
891,210,212,248,673
892,210,213,197,707
893,210,336,673,707
894,211,212,248,310
895,211,259,310,634
896,211,334,46,792
897,211,365,634,792
898,212,259,310,415
899,212,275,205,415
900,212,336,41,673
901,212,341,41,205
902,213,214,70,78
903,213,215,70,475
904,213,279,437,475
905,213,336,437,707
906,214,215,70,87
907,214,216,90,406
908,214,359,87,90
909,215,279,174,475
910,215,304,174,492
911,215,359,87,492
912,216,217,288,361
913,216,240,361,688
914,216,359,90,769
915,216,406,688,769
916,217,239,207,235
917,217,240,234,361
918,217,254,235,554
919,217,255,234,554
920,218,228,81,201
921,218,410,102,201
922,219,220,43,526
923,219,352,526,671
924,220,221,188,241
925,220,222,241,282
926,220,223,282,653
927,220,352,526,653
928,221,222,241,753
929,221,257,143,466
930,221,273,135,143
931,221,385,135,753
932,222,223,107,282
933,222,358,97,107
934,222,385,97,753
935,223,318,36,49
936,223,352,653,743
937,223,358,36,107
938,223,373,49,815
939,223,399,743,815
940,224,245,35,105
941,225,333,56,184
942,226,326,75,116
943,227,332,17,239
944,227,353,25,168
945,227,371,168,754
946,227,372,17,25
947,228,229,93,111
948,228,237,74,111
949,228,410,201,494
950,229,230,19,20
951,229,231,19,164
952,229,236,164,227
953,229,237,111,227
954,230,231,19,165
955,230,232,9,165
956,231,232,165,240
957,231,233,240,722
958,231,236,164,672
959,231,342,672,722
960,232,233,240,304
961,232,234,144,304
962,232,360,11,144
963,233,234,304,718
964,233,342,722,813
965,233,355,718,806
966,233,404,806,813
967,234,355,718,820
968,234,360,144,163
969,234,398,746,820
970,234,412,163,746
971,235,276,44,569
972,235,277,68,155
973,235,398,155,159
974,235,412,159,781
975,236,237,130,227
976,236,342,106,672
977,236,397,106,130
978,237,280,121,777
979,237,368,131,777
980,237,397,130,131
981,238,400,31,620
982,239,254,235,738
983,239,400,42,738
984,240,255,32,234
985,240,282,139,797
986,240,406,688,797
987,241,242,369,582
988,241,257,15,142
989,241,321,117,582
990,242,321,582,741
991,242,338,114,668
992,242,381,134,741
993,243,352,618,696
994,243,399,110,696
995,244,281,100,575
996,244,335,108,364
997,244,362,364,701
998,245,246,138,573
999,245,283,206,573
1000,246,283,57,573
1001,246,314,40,57
1002,246,338,88,523
1003,247,248,383,704
1004,247,276,29,664
1005,247,307,4,29
1006,247,364,145,704
1007,248,329,382,766
1008,248,361,766,816
1009,248,364,704,819
1010,248,401,816,819
1011,249,250,398,663
1012,249,268,34,158
1013,249,293,34,38
1014,249,396,170,663
1015,250,333,524,795
1016,250,350,804,824
1017,250,396,663,804
1018,250,408,795,824
1019,251,327,80,94
1020,252,253,63,236
1021,252,366,192,823
1022,252,405,737,823
1023,253,283,125,160
1024,253,354,137,213
1025,254,255,237,554
1026,254,330,18,237
1027,254,400,625,738
1028,255,256,61,208
1029,255,330,208,237
1030,256,330,208,782
1031,256,347,551,682
1032,256,403,682,782
1033,256,411,551,592
1034,257,273,91,143
1035,258,337,136,299
1036,258,356,136,713
1037,259,275,98,415
1038,259,328,175,695
1039,259,365,634,695
1040,260,261,509,510
1041,260,262,127,510
1042,261,262,243,510
1043,261,363,660,749
1044,261,386,243,570
1045,261,402,570,660
1046,262,278,112,196
1047,262,313,39,47
1048,262,386,39,243
1049,263,296,96,190
1050,263,297,10,126
1051,263,351,190,665
1052,263,357,10,16
1053,264,265,379,762
1054,264,274,8,565
1055,264,300,5,8
1056,264,379,481,762
1057,265,327,427,771
1058,265,379,762,763
1059,265,384,763,822
1060,265,390,771,822
1061,266,267,616,733
1062,266,268,231,745
1063,266,367,733,745
1064,267,272,58,216
1065,267,302,58,590
1066,267,303,590,724
1067,267,367,724,733
1068,268,293,34,277
1069,268,367,745,794
1070,269,278,596,607
1071,269,374,566,669
1072,269,389,577,607
1073,270,369,702,706
1074,270,387,702,734
1075,271,337,132,640
1076,271,356,132,659
1077,272,302,27,58
1078,272,380,147,723
1079,273,385,135,203
1080,274,300,8,123
1081,274,375,186,651
1082,275,341,205,484
1083,276,307,29,450
1084,277,398,155,709
1085,277,407,610,646
1086,278,389,140,607
1087,279,304,174,222
1088,279,336,122,437
1089,279,382,222,603
1090,280,311,276,758
1091,280,331,178,468
1092,280,368,758,777
1093,281,374,177,683
1094,281,376,181,606
1095,282,406,751,797
1096,283,314,57,86
1097,284,285,515,537
1098,284,340,280,537
1099,285,340,537,578
1100,285,345,113,639
1101,285,391,113,578
1102,286,287,211,595
1103,286,346,595,619
1104,287,339,246,538
1105,287,340,215,228
1106,287,346,215,595
1107,288,335,129,146
1108,288,362,129,780
1109,289,290,511,731
1110,289,372,691,731
1111,290,301,230,602
1112,290,343,230,544
1113,290,353,195,602
1114,290,372,195,731
1115,291,330,52,604
1116,291,403,558,604
1117,292,371,694,809
1118,292,380,735,809
1119,294,350,686,785
1120,294,396,765,785
1121,295,328,542,690
1122,295,349,647,690
1123,296,351,190,697
1124,297,298,531,721
1125,297,357,10,202
1126,297,375,613,721
1127,298,375,666,721
1128,299,331,480,670
1129,299,345,589,670
1130,301,343,230,675
1131,301,353,583,602
1132,302,303,552,590
1133,303,367,712,724
1134,304,359,460,492
1135,304,382,222,633
1136,305,306,294,547
1137,305,388,776,786
1138,306,366,624,641
1139,308,309,120,541
1140,308,310,242,767
1141,308,402,716,767
1142,309,323,194,588
1143,309,370,191,594
1144,310,313,204,214
1145,310,377,204,644
1146,310,386,214,764
1147,310,402,764,767
1148,311,368,755,758
1149,312,379,677,744
1150,312,384,677,717
1151,313,377,204,685
1152,313,386,39,214
1153,315,342,22,26
1154,315,397,22,793
1155,316,355,703,799
1156,316,404,798,799
1157,317,318,548,788
1158,317,409,729,788
1159,318,358,36,714
1160,318,373,49,601
1161,318,409,601,788
1162,319,358,83,700
1163,319,385,83,508
1164,320,324,21,45
1165,320,348,21,689
1166,321,381,711,741
1167,322,325,212,233
1168,322,364,710,759
1169,322,378,212,687
1170,322,401,233,759
1171,323,373,209,540
1172,323,409,209,655
1173,324,325,84,269
1174,324,348,21,128
1175,324,361,84,133
1176,325,361,84,584
1177,325,378,212,648
1178,325,401,233,584
1179,326,337,149,185
1180,326,369,149,692
1181,327,390,726,771
1182,328,349,679,690
1183,328,365,695,747
1184,329,361,654,766
1185,330,403,604,782
1186,331,345,670,770
1187,332,372,17,600
1188,332,387,617,768
1189,333,408,725,795
1190,334,365,792,796
1191,334,383,676,756
1192,335,344,650,715
1193,335,362,129,364
1194,336,341,41,67
1195,337,356,132,136
1196,337,369,149,630
1197,339,392,732,787
1198,340,346,215,476
1199,340,391,355,578
1200,342,397,22,106
1201,342,404,612,813
1202,343,395,791,803
1203,344,394,802,805
1204,345,391,109,113
1205,347,393,807,810
1206,347,403,682,808
1207,347,411,551,680
1208,348,384,800,818
1209,348,390,811,818
1210,349,388,730,736
1211,350,351,550,705
1212,350,396,785,804
1213,350,408,550,824
1214,351,408,549,550
1215,352,399,696,743
1216,353,371,119,168
1217,353,372,25,195
1218,355,398,812,820
1219,355,404,799,806
1220,356,362,678,693
1221,358,385,83,97
1222,359,406,769,814
1223,360,412,163,728
1224,361,401,584,816
1225,363,402,660,801
1226,364,401,759,819
1227,366,405,790,823
1228,368,397,131,789
1229,369,387,698,702
1230,371,380,809,821
1231,373,399,815,817
1232,373,409,209,601
1233,379,384,677,763
1234,384,390,818,822
1235,386,402,570,764
1236,398,412,159,746
